gplink-2.2.37 (Jan 22 2024)
Listing File Generated: 2026-5-18  17:29:23
 
 
Address  Value    Disassembly              Source
-------  -----    -----------              ------
                                           ;--------------------------------------------------------
                                           ; external declarations
                                           ;--------------------------------------------------------
                                           	extern	_LVD_Init
                                           	extern	_timer0_init
                                           	extern	_timer1_init
                                           	extern	_INDFbits
                                           	extern	_T0CNTbits
                                           	extern	_PCLbits
                                           	extern	_STATUSbits
                                           	extern	_FSRbits
                                           	extern	_P1bits
                                           	extern	_MCRbits
                                           	extern	_P1KBCRbits
                                           	extern	_PCLATHbits
                                           	extern	_PDCONbits
                                           	extern	_ODCONbits
                                           	extern	_PUCONbits
                                           	extern	_INTEbits
                                           	extern	_INTFbits
                                           	extern	_T0CRbits
                                           	extern	_DDR1bits
                                           	extern	_TMRCRbits
                                           	extern	_T1CRbits
                                           	extern	_T1CNTbits
                                           	extern	_T1LOADbits
                                           	extern	_T1DATAbits
                                           	extern	_INDF
                                           	extern	_T0CNT
                                           	extern	_PCL
                                           	extern	_STATUS
                                           	extern	_FSR
                                           	extern	_P1
                                           	extern	_MCR
                                           	extern	_P1KBCR
                                           	extern	_PCLATH
                                           	extern	_PDCON
                                           	extern	_ODCON
                                           	extern	_PUCON
                                           	extern	_INTE
                                           	extern	_INTF
                                           	extern	_T0CR
                                           	extern	_DDR1
                                           	extern	_TMRCR
                                           	extern	_T1CR
                                           	extern	_T1CNT
                                           	extern	_T1LOAD
                                           	extern	_T1DATA
                                           ;--------------------------------------------------------
                                           ; global declarations
                                           ;--------------------------------------------------------
                                           	global	_led_refresh
                                           	global	_led_status_handle
                                           	global	_key_scan
                                           	global	_led4_on
                                           	global	_led3_on
                                           	global	_led2_on
                                           	global	_led1_on
                                           	global	_led_all_off
                                           	global	_user_init
                                           	global	_Sys_Init
                                           	global	_lvd_scan
                                           	global	_IO_Init
                                           	global	_C_RAM
                                           	global	_delay_ms
                                           	global	_pen_pwr_on
                                           	global	_pen_pwr_off
                                           	global	_main
                                           	global	_int_isr
                                           	global	_abuf
                                           	global	_statusbuf
                                           	global	_flag1
                                           	global	_flag2
                                           	global	_cur_cmp_bat_lev
                                           	global	_tmp_bat_lev
                                           	global	_bat_lev
                                           	global	_pwr_off_cnt
                                           	global	_into_low_power_cnt
                                           	global	_charge_anim_phase
                                           	global	_charge_fully_cnt
                                           	global	_led_sta_reflash_cnt
                                           	global	_cur_key_id
                                           
                                           	global STK06
                                           	global STK05
                                           	global STK04
                                           	global STK03
                                           	global STK02
                                           	global STK01
                                           	global STK00
                                           
                                           sharebank udata_ovr 0x0010
                                           STK06	res 1
                                           STK05	res 1
                                           STK04	res 1
                                           STK03	res 1
                                           STK02	res 1
                                           STK01	res 1
                                           STK00	res 1
                                           
                                           ;--------------------------------------------------------
                                           ; global definitions
                                           ;--------------------------------------------------------
                                           UD_MC30P6280_0	udata
                                           _abuf	res	1
                                           
                                           UD_MC30P6280_1	udata
                                           _statusbuf	res	1
                                           
                                           UD_MC30P6280_2	udata
                                           _flag1	res	1
                                           
                                           UD_MC30P6280_3	udata
                                           _flag2	res	1
                                           
                                           ;--------------------------------------------------------
                                           ; absolute symbol definitions
                                           ;--------------------------------------------------------
                                           ;--------------------------------------------------------
                                           ; compiler-defined variables
                                           ;--------------------------------------------------------
                                           UDL_MC30P6280_0	udata
                                           r0x1024	res	1
                                           r0x101C	res	1
                                           r0x101B	res	1
                                           r0x101A	res	1
                                           r0x1019	res	1
                                           r0x101D	res	1
                                           r0x101E	res	1
                                           r0x101F	res	1
                                           r0x1020	res	1
                                           r0x1023	res	1
                                           r0x1022	res	1
                                           r0x1021	res	1
                                           _led_refresh_sta_65536_104	res	1
                                           _int_isr_cnt_196608_121	res	1
                                           _int_isr_cnt_196608_140	res	1
                                           ;--------------------------------------------------------
                                           ; initialized data
                                           ;--------------------------------------------------------
                                           
                                           ID_MC30P6280_0	idata
                                           _cur_cmp_bat_lev
                                           	db	0x00
                                           
                                           
                                           ID_MC30P6280_1	idata
                                           _tmp_bat_lev
                                           	db	0x00
                                           
                                           
                                           ID_MC30P6280_2	idata
                                           _bat_lev
                                           	db	0x00
                                           
                                           
                                           ID_MC30P6280_3	idata
                                           _pwr_off_cnt
                                           	db	0x00, 0x00, 0x00, 0x00
                                           
                                           
                                           ID_MC30P6280_4	idata
                                           _into_low_power_cnt
                                           	db	0x00
                                           
                                           
                                           ID_MC30P6280_5	idata
                                           _charge_anim_phase
                                           	db	0x00
                                           
                                           
                                           ID_MC30P6280_6	idata
                                           _charge_fully_cnt
                                           	db	0x00, 0x00
                                           
                                           
                                           ID_MC30P6280_7	idata
                                           _led_sta_reflash_cnt
                                           	db	0x00
                                           
                                           
                                           ID_MC30P6280_8	idata
                                           _cur_lvd_state
                                           	db	0x00
                                           
                                           
                                           ID_MC30P6280_9	idata
                                           _last_key_id
                                           	db	0x00
                                           
                                           
                                           ID_MC30P6280_10	idata
                                           _press_cnt
                                           	db	0x00
                                           
                                           
                                           ID_MC30P6280_11	idata
                                           _filter_cnt
                                           	db	0x00
                                           
                                           
                                           ID_MC30P6280_12	idata
                                           _filter_key_id
                                           	db	0x00
                                           
                                           
                                           ID_MC30P6280_13	idata
                                           _click_delay_cnt
                                           	db	0x00
                                           
                                           
                                           ID_MC30P6280_14	idata
                                           _click_cnt
                                           	db	0x00
                                           
                                           
                                           ID_MC30P6280_15	idata
                                           _cur_key_id
                                           	db	0x00
                                           
                                           
                                           ;@Allocation info for local variables in function 'C_RAM'
                                           ;@C_RAM IO_Init                   Allocated to registers ;size:2
                                           ;@C_RAM LVD_Init                  Allocated to registers ;size:2
                                           ;@C_RAM Sys_Init                  Allocated to registers ;size:2
                                           ;@C_RAM user_init                 Allocated to registers ;size:2
                                           ;@C_RAM led_all_off               Allocated to registers ;size:2
                                           ;@C_RAM led1_on                   Allocated to registers ;size:2
                                           ;@C_RAM led2_on                   Allocated to registers ;size:2
                                           ;@C_RAM led3_on                   Allocated to registers ;size:2
                                           ;@C_RAM led4_on                   Allocated to registers ;size:2
                                           ;@C_RAM led_status_handle         Allocated to registers ;size:2
                                           ;@C_RAM led_refresh               Allocated to registers ;size:2
                                           ;@C_RAM key_scan                  Allocated to registers ;size:2
                                           ;@C_RAM lvd_scan                  Allocated to registers ;size:2
                                           ;@C_RAM timer0_init               Allocated to registers ;size:2
                                           ;@C_RAM timer1_init               Allocated to registers ;size:2
                                           ;@C_RAM INDFbits                  Allocated to registers ;size:1
                                           ;@C_RAM T0CNTbits                 Allocated to registers ;size:1
                                           ;@C_RAM PCLbits                   Allocated to registers ;size:1
                                           ;@C_RAM STATUSbits                Allocated to registers ;size:1
                                           ;@C_RAM FSRbits                   Allocated to registers ;size:1
                                           ;@C_RAM P1bits                    Allocated to registers ;size:1
                                           ;@C_RAM MCRbits                   Allocated to registers ;size:1
                                           ;@C_RAM P1KBCRbits                Allocated to registers ;size:1
                                           ;@C_RAM PCLATHbits                Allocated to registers ;size:1
                                           ;@C_RAM PDCONbits                 Allocated to registers ;size:1
                                           ;@C_RAM ODCONbits                 Allocated to registers ;size:1
                                           ;@C_RAM PUCONbits                 Allocated to registers ;size:1
                                           ;@C_RAM INTEbits                  Allocated to registers ;size:1
                                           ;@C_RAM INTFbits                  Allocated to registers ;size:1
                                           ;@C_RAM T0CRbits                  Allocated to registers ;size:1
                                           ;@C_RAM DDR1bits                  Allocated to registers ;size:1
                                           ;@C_RAM TMRCRbits                 Allocated to registers ;size:1
                                           ;@C_RAM T1CRbits                  Allocated to registers ;size:1
                                           ;@C_RAM T1CNTbits                 Allocated to registers ;size:1
                                           ;@C_RAM T1LOADbits                Allocated to registers ;size:1
                                           ;@C_RAM T1DATAbits                Allocated to registers ;size:1
                                           ;@C_RAM abuf                      Allocated to registers ;size:1
                                           ;@C_RAM statusbuf                 Allocated to registers ;size:1
                                           ;@C_RAM flag1                     Allocated to registers ;size:1
                                           ;@C_RAM flag2                     Allocated to registers ;size:1
                                           ;@C_RAM cur_cmp_bat_lev           Allocated to registers ;size:1
                                           ;@C_RAM tmp_bat_lev               Allocated to registers ;size:1
                                           ;@C_RAM bat_lev                   Allocated to registers ;size:1
                                           ;@C_RAM pwr_off_cnt               Allocated to registers ;size:4
                                           ;@C_RAM into_low_power_cnt        Allocated to registers ;size:1
                                           ;@C_RAM charge_anim_phase         Allocated to registers ;size:1
                                           ;@C_RAM charge_fully_cnt          Allocated to registers ;size:2
                                           ;@C_RAM led_sta_reflash_cnt       Allocated to registers ;size:1
                                           ;@C_RAM cur_lvd_state             Allocated to registers ;size:1
                                           ;@C_RAM last_key_id               Allocated to registers ;size:1
                                           ;@C_RAM press_cnt                 Allocated to registers ;size:1
                                           ;@C_RAM filter_cnt                Allocated to registers ;size:1
                                           ;@C_RAM filter_key_id             Allocated to registers ;size:1
                                           ;@C_RAM click_delay_cnt           Allocated to registers ;size:1
                                           ;@C_RAM click_cnt                 Allocated to registers ;size:1
                                           ;@C_RAM cur_key_id                Allocated to registers ;size:1
                                           ;@C_RAM INDF                      Allocated to registers ;size:1
                                           ;@C_RAM T0CNT                     Allocated to registers ;size:1
                                           ;@C_RAM PCL                       Allocated to registers ;size:1
                                           ;@C_RAM STATUS                    Allocated to registers ;size:1
                                           ;@C_RAM FSR                       Allocated to registers ;size:1
                                           ;@C_RAM P1                        Allocated to registers ;size:1
                                           ;@C_RAM MCR                       Allocated to registers ;size:1
                                           ;@C_RAM P1KBCR                    Allocated to registers ;size:1
                                           ;@C_RAM PCLATH                    Allocated to registers ;size:1
                                           ;@C_RAM PDCON                     Allocated to registers ;size:1
                                           ;@C_RAM ODCON                     Allocated to registers ;size:1
                                           ;@C_RAM PUCON                     Allocated to registers ;size:1
                                           ;@C_RAM INTE                      Allocated to registers ;size:1
                                           ;@C_RAM INTF                      Allocated to registers ;size:1
                                           ;@C_RAM T0CR                      Allocated to registers ;size:1
                                           ;@C_RAM DDR1                      Allocated to registers ;size:1
                                           ;@C_RAM TMRCR                     Allocated to registers ;size:1
                                           ;@C_RAM T1CR                      Allocated to registers ;size:1
                                           ;@C_RAM T1CNT                     Allocated to registers ;size:1
                                           ;@C_RAM T1LOAD                    Allocated to registers ;size:1
                                           ;@C_RAM T1DATA                    Allocated to registers ;size:1
                                           ;@end Allocation info for local variables in function 'C_RAM';
                                           ;@Allocation info for local variables in function 'IO_Init'
                                           ;@end Allocation info for local variables in function 'IO_Init';
                                           ;@Allocation info for local variables in function 'lvd_scan'
                                           ;@end Allocation info for local variables in function 'lvd_scan';
                                           ;@Allocation info for local variables in function 'Sys_Init'
                                           ;@end Allocation info for local variables in function 'Sys_Init';
                                           ;@Allocation info for local variables in function 'delay_ms'
                                           ;@delay_ms xms                       Allocated to registers ;size:4
                                           ;@delay_ms i                         Allocated to registers r0x101D r0x101E ;size:2
                                           ;@end Allocation info for local variables in function 'delay_ms';
                                           ;@Allocation info for local variables in function 'user_init'
                                           ;@end Allocation info for local variables in function 'user_init';
                                           ;@Allocation info for local variables in function 'pen_pwr_on'
                                           ;@end Allocation info for local variables in function 'pen_pwr_on';
                                           ;@Allocation info for local variables in function 'pen_pwr_off'
                                           ;@end Allocation info for local variables in function 'pen_pwr_off';
                                           ;@Allocation info for local variables in function 'led_all_off'
                                           ;@end Allocation info for local variables in function 'led_all_off';
                                           ;@Allocation info for local variables in function 'led1_on'
                                           ;@end Allocation info for local variables in function 'led1_on';
                                           ;@Allocation info for local variables in function 'led2_on'
                                           ;@end Allocation info for local variables in function 'led2_on';
                                           ;@Allocation info for local variables in function 'led3_on'
                                           ;@end Allocation info for local variables in function 'led3_on';
                                           ;@Allocation info for local variables in function 'led4_on'
                                           ;@end Allocation info for local variables in function 'led4_on';
                                           ;@Allocation info for local variables in function 'key_scan'
                                           ;@end Allocation info for local variables in function 'key_scan';
                                           ;@Allocation info for local variables in function 'led_status_handle'
                                           ;@end Allocation info for local variables in function 'led_status_handle';
                                           ;@Allocation info for local variables in function 'led_refresh'
                                           ;@led_refresh sta                       Allocated to registers ;size:1
                                           ;@end Allocation info for local variables in function 'led_refresh';
                                           ;@Allocation info for local variables in function 'led_refresh'
                                           ;@led_refresh sta                       Allocated to registers ;size:1
                                           ;@end Allocation info for local variables in function 'led_refresh';
                                           ;@Allocation info for local variables in function 'main'
                                           ;@end Allocation info for local variables in function 'main';
                                           ;@Allocation info for local variables in function 'int_isr'
                                           ;@int_isr cnt                       Allocated to registers ;size:1
                                           ;@int_isr cnt                       Allocated to registers ;size:1
                                           ;@end Allocation info for local variables in function 'int_isr';
                                           ;@Allocation info for local variables in function 'int_isr'
                                           ;@int_isr cnt                       Allocated to registers ;size:1
                                           ;@int_isr cnt                       Allocated to registers ;size:1
                                           ;@end Allocation info for local variables in function 'int_isr';
                                           
                                           ;--------------------------------------------------------
                                           ; overlayable items in internal ram 
                                           ;--------------------------------------------------------
                                           ;	udata_ovr
                                           ;--------------------------------------------------------
                                           ; reset vector 
                                           ;--------------------------------------------------------
                                           STARTUP	code 0x0000
000000   2880     goto    0x80             	goto	_main
                                           ;--------------------------------------------------------
                                           ; interrupt and initialization code
                                           ;--------------------------------------------------------
                                           c_interrupt	code	0x8
                                           __sdcc_interrupt
                                           ;***
                                           ;  pBlock Stats: dbName = I
                                           ;***
                                           ;entry:  _int_isr	;Function start
                                           ; 0 exit points
                                           ;functions called:
                                           ;   _key_scan
                                           ;   _led_status_handle
                                           ;   _pen_pwr_off
                                           ;   _led_all_off
                                           ;   _pen_pwr_off
                                           ;   _led_refresh
                                           ;   _lvd_scan
                                           ;   _key_scan
                                           ;   _led_status_handle
                                           ;   _pen_pwr_off
                                           ;   _led_all_off
                                           ;   _pen_pwr_off
                                           ;   _led_refresh
                                           ;   _lvd_scan
                                           ;; Starting pCode block
                                           _int_isr	;Function start
                                           ; 0 exit points
                                           ;	.line	803; "MC30P6280.c"	__endasm;
                                           	;
000008   15ac     movra   0x2c             	movra	_abuf;
000009   1103     swapar  0x3              	swapar	_STATUS;
00000a   15ad     movra   0x2d             	movra	_statusbuf;
                                           	
                                           ;	.line	805; "MC30P6280.c"	if ((T0IF) && (T0IE)) {
00000b   300f     jbset   0xf, 0           	JBSET	_INTFbits,0
00000c   286e     goto    0x6e             	GOTO	_00664_DS_
00000d   300e     jbset   0xe, 0           	JBSET	_INTEbits,0
00000e   286e     goto    0x6e             	GOTO	_00664_DS_
                                           ;	.line	806; "MC30P6280.c"	T0IF = 0;
00000f   3c0f     bclr    0xf, 0           	BCLR	_INTFbits,0
                                           ;	.line	807; "MC30P6280.c"	T0CNT = (u8)(255 - 125); // T0 目前1ms产生一次中断
000010   0b82     movai   0x82             	MOVAI	0x82
000011   1581     movra   0x1              	MOVRA	_T0CNT
                                           ;	.line	811; "MC30P6280.c"	cnt++;
000012   19a4     incr    0x24             	INCR	_int_isr_cnt_196608_121
                                           ;;unsigned compare: left < lit(0xA=10), size=1
                                           ;	.line	812; "MC30P6280.c"	if (cnt >= 10) {
000013   0b0a     movai   0xa              	MOVAI	0x0a
000014   1224     rsubar  0x24             	RSUBAR	_int_isr_cnt_196608_121
000015   3003     jbset   0x3, 0           	JBSET	STATUS,0
000016   285f     goto    0x5f             	GOTO	_00655_DS_
                                           ;;genSkipc:3291: created from rifx:013B5EFC
                                           ;	.line	814; "MC30P6280.c"	cnt = 0;
000017   1da4     clrr    0x24             	CLRR	_int_isr_cnt_196608_121
                                           ;	.line	817; "MC30P6280.c"	key_scan();
000018   21db     call    0x1db            	CALL	_key_scan
                                           ;	.line	819; "MC30P6280.c"	led_status_handle();
000019   20fa     call    0xfa             	CALL	_led_status_handle
                                           ;	.line	821; "MC30P6280.c"	if (flag_is_dev_working) {
00001a   332e     jbset   0x2e, 0x6        	JBSET	_flag1,6
00001b   2834     goto    0x34             	GOTO	_00638_DS_
                                           ;;unsigned compare: left < lit(0x2BF20=180000), size=4
                                           ;	.line	823; "MC30P6280.c"	if (pwr_off_cnt < ((u32)30 * 60 * 1000 / 10)) {
00001c   0b00     movai   0                	MOVAI	0x00
00001d   1229     rsubar  0x29             	RSUBAR	(_pwr_off_cnt + 3)
00001e   3103     jbset   0x3, 0x2         	JBSET	STATUS,2
00001f   282a     goto    0x2a             	GOTO	_00746_DS_
000020   0b02     movai   0x2              	MOVAI	0x02
000021   1228     rsubar  0x28             	RSUBAR	(_pwr_off_cnt + 2)
000022   3103     jbset   0x3, 0x2         	JBSET	STATUS,2
000023   282a     goto    0x2a             	GOTO	_00746_DS_
000024   0bbf     movai   0xbf             	MOVAI	0xbf
000025   1227     rsubar  0x27             	RSUBAR	(_pwr_off_cnt + 1)
000026   3103     jbset   0x3, 0x2         	JBSET	STATUS,2
000027   282a     goto    0x2a             	GOTO	_00746_DS_
000028   0b20     movai   0x20             	MOVAI	0x20
000029   1226     rsubar  0x26             	RSUBAR	_pwr_off_cnt
                                           _00746_DS_
00002a   3403     jbclr   0x3, 0           	JBCLR	STATUS,0
00002b   2838     goto    0x38             	GOTO	_00639_DS_
                                           ;;genSkipc:3291: created from rifx:013B5EFC
                                           ;	.line	824; "MC30P6280.c"	pwr_off_cnt++;
00002c   19a6     incr    0x26             	INCR	_pwr_off_cnt
00002d   3503     jbclr   0x3, 0x2         	JBCLR	STATUS,2
00002e   19a7     incr    0x27             	INCR	(_pwr_off_cnt + 1)
00002f   3503     jbclr   0x3, 0x2         	JBCLR	STATUS,2
000030   19a8     incr    0x28             	INCR	(_pwr_off_cnt + 2)
000031   3503     jbclr   0x3, 0x2         	JBCLR	STATUS,2
000032   19a9     incr    0x29             	INCR	(_pwr_off_cnt + 3)
000033   2838     goto    0x38             	GOTO	_00639_DS_
                                           _00638_DS_
                                           ;	.line	828; "MC30P6280.c"	pwr_off_cnt = 0;
000034   1da6     clrr    0x26             	CLRR	_pwr_off_cnt
000035   1da7     clrr    0x27             	CLRR	(_pwr_off_cnt + 1)
000036   1da8     clrr    0x28             	CLRR	(_pwr_off_cnt + 2)
000037   1da9     clrr    0x29             	CLRR	(_pwr_off_cnt + 3)
                                           _00639_DS_
                                           ;	.line	832; "MC30P6280.c"	if (flag_is_dev_working && bat_lev == BAT_LEV_2V9) {
000038   332e     jbset   0x2e, 0x6        	JBSET	_flag1,6
000039   2841     goto    0x41             	GOTO	_00641_DS_
00003a   0b00     movai   0                	MOVAI	0x00
00003b   1732     orar    0x32             	ORAR	_bat_lev
00003c   3103     jbset   0x3, 0x2         	JBSET	STATUS,2
00003d   2841     goto    0x41             	GOTO	_00641_DS_
                                           ;	.line	833; "MC30P6280.c"	pen_pwr_off();           // 断开笔头的供电
00003e   2264     call    0x264            	CALL	_pen_pwr_off
                                           ;	.line	834; "MC30P6280.c"	led_all_off();           // 关闭所有指示灯
00003f   225f     call    0x25f            	CALL	_led_all_off
                                           ;	.line	835; "MC30P6280.c"	flag_is_dev_working = 0; // 表示设备关闭
000040   3f2e     bclr    0x2e, 0x6        	BCLR	_flag1,6
                                           _00641_DS_
                                           ;	.line	843; "MC30P6280.c"	if (CHARGE_PIN) {
000041   3186     jbset   0x6, 0x3         	JBSET	_P1bits,3
000042   2853     goto    0x53             	GOTO	_00646_DS_
                                           ;	.line	848; "MC30P6280.c"	if (0 == flag_is_in_charging) {
000043   342e     jbclr   0x2e, 0          	JBCLR	_flag1,0
000044   2854     goto    0x54             	GOTO	_00647_DS_
                                           ;	.line	853; "MC30P6280.c"	tmp_bat_lev = BAT_LEV_2V9;
000045   1db1     clrr    0x31             	CLRR	_tmp_bat_lev
                                           ;	.line	854; "MC30P6280.c"	bat_lev = BAT_LEV_2V9;
000046   1db2     clrr    0x32             	CLRR	_bat_lev
                                           ;	.line	855; "MC30P6280.c"	pen_pwr_off(); // 断开笔头的供电
000047   2264     call    0x264            	CALL	_pen_pwr_off
                                           ;	.line	857; "MC30P6280.c"	flag_led_1_on = 0;
000048   3d2e     bclr    0x2e, 0x2        	BCLR	_flag1,2
                                           ;	.line	858; "MC30P6280.c"	flag_led_2_on = 0;
000049   3dae     bclr    0x2e, 0x3        	BCLR	_flag1,3
                                           ;	.line	859; "MC30P6280.c"	flag_led_3_on = 0;
00004a   3e2e     bclr    0x2e, 0x4        	BCLR	_flag1,4
                                           ;	.line	860; "MC30P6280.c"	flag_led_4_on = 0;
00004b   3eae     bclr    0x2e, 0x5        	BCLR	_flag1,5
                                           ;	.line	861; "MC30P6280.c"	flag_is_dev_working = 0; // 表示设备关闭
00004c   3f2e     bclr    0x2e, 0x6        	BCLR	_flag1,6
                                           ;	.line	863; "MC30P6280.c"	flag_is_charge_begin = 1;
00004d   38ae     bset    0x2e, 0x1        	BSET	_flag1,1
                                           ;	.line	864; "MC30P6280.c"	charge_anim_phase = 0;
00004e   1db4     clrr    0x34             	CLRR	_charge_anim_phase
                                           ;	.line	865; "MC30P6280.c"	charge_fully_cnt = 0; // 刚进入充电，清空充满电的计数值
00004f   1daa     clrr    0x2a             	CLRR	_charge_fully_cnt
000050   1dab     clrr    0x2b             	CLRR	(_charge_fully_cnt + 1)
                                           ;	.line	866; "MC30P6280.c"	flag_is_in_charging = 1;
000051   382e     bset    0x2e, 0          	BSET	_flag1,0
000052   2854     goto    0x54             	GOTO	_00647_DS_
                                           _00646_DS_
                                           ;	.line	877; "MC30P6280.c"	flag_is_in_charging = 0;
000053   3c2e     bclr    0x2e, 0          	BCLR	_flag1,0
                                           _00647_DS_
                                           ;	.line	885; "MC30P6280.c"	if ((CHARGE_PIN == 0) && (flag_is_dev_working == 0)) {
000054   3586     jbclr   0x6, 0x3         	JBCLR	_P1bits,3
000055   285e     goto    0x5e             	GOTO	_00651_DS_
000056   372e     jbclr   0x2e, 0x6        	JBCLR	_flag1,6
000057   285e     goto    0x5e             	GOTO	_00651_DS_
                                           ;;unsigned compare: left < lit(0xFF=255), size=1
                                           ;	.line	886; "MC30P6280.c"	if (into_low_power_cnt < 255) {
000058   0bff     movai   0xff             	MOVAI	0xff
000059   1233     rsubar  0x33             	RSUBAR	_into_low_power_cnt
00005a   3403     jbclr   0x3, 0           	JBCLR	STATUS,0
00005b   285f     goto    0x5f             	GOTO	_00655_DS_
                                           ;;genSkipc:3291: created from rifx:013B5EFC
                                           ;	.line	887; "MC30P6280.c"	into_low_power_cnt++;
00005c   19b3     incr    0x33             	INCR	_into_low_power_cnt
00005d   285f     goto    0x5f             	GOTO	_00655_DS_
                                           _00651_DS_
                                           ;	.line	890; "MC30P6280.c"	into_low_power_cnt = 0;
00005e   1db3     clrr    0x33             	CLRR	_into_low_power_cnt
                                           _00655_DS_
                                           ;	.line	897; "MC30P6280.c"	if (flag_is_dev_working) {
00005f   332e     jbset   0x2e, 0x6        	JBSET	_flag1,6
000060   2868     goto    0x68             	GOTO	_00661_DS_
                                           ;	.line	899; "MC30P6280.c"	if (bat_lev >= tmp_bat_lev) {
000061   1631     movar   0x31             	MOVAR	_tmp_bat_lev
000062   1232     rsubar  0x32             	RSUBAR	_bat_lev
000063   3003     jbset   0x3, 0           	JBSET	STATUS,0
000064   286e     goto    0x6e             	GOTO	_00664_DS_
                                           ;;genSkipc:3291: created from rifx:013B5EFC
                                           ;	.line	900; "MC30P6280.c"	bat_lev = tmp_bat_lev;
000065   1631     movar   0x31             	MOVAR	_tmp_bat_lev
000066   15b2     movra   0x32             	MOVRA	_bat_lev
000067   286e     goto    0x6e             	GOTO	_00664_DS_
                                           _00661_DS_
                                           ;	.line	905; "MC30P6280.c"	if (bat_lev <= tmp_bat_lev) {
000068   1632     movar   0x32             	MOVAR	_bat_lev
000069   1231     rsubar  0x31             	RSUBAR	_tmp_bat_lev
00006a   3003     jbset   0x3, 0           	JBSET	STATUS,0
00006b   286e     goto    0x6e             	GOTO	_00664_DS_
                                           ;;genSkipc:3291: created from rifx:013B5EFC
                                           ;	.line	906; "MC30P6280.c"	bat_lev = tmp_bat_lev;
00006c   1631     movar   0x31             	MOVAR	_tmp_bat_lev
00006d   15b2     movra   0x32             	MOVRA	_bat_lev
                                           _00664_DS_
                                           ;	.line	913; "MC30P6280.c"	if ((T1IF) && (T1IE)) {
00006e   304b     jbset   0x4b, 0          	JBSET	_TMRCRbits,0
00006f   287b     goto    0x7b             	GOTO	_00669_DS_
000070   30cb     jbset   0x4b, 0x1        	JBSET	_TMRCRbits,1
000071   287b     goto    0x7b             	GOTO	_00669_DS_
                                           ;	.line	914; "MC30P6280.c"	T1IF = 0;
000072   3c4b     bclr    0x4b, 0          	BCLR	_TMRCRbits,0
                                           ;	.line	918; "MC30P6280.c"	led_refresh();
000073   20ce     call    0xce             	CALL	_led_refresh
                                           ;	.line	922; "MC30P6280.c"	cnt++;
000074   19a5     incr    0x25             	INCR	_int_isr_cnt_196608_140
                                           ;;unsigned compare: left < lit(0x3=3), size=1
                                           ;	.line	923; "MC30P6280.c"	if (cnt >= 3) {
000075   0b03     movai   0x3              	MOVAI	0x03
000076   1225     rsubar  0x25             	RSUBAR	_int_isr_cnt_196608_140
000077   3003     jbset   0x3, 0           	JBSET	STATUS,0
000078   287b     goto    0x7b             	GOTO	_00669_DS_
                                           ;;genSkipc:3291: created from rifx:013B5EFC
                                           ;	.line	924; "MC30P6280.c"	cnt = 0;
000079   1da5     clrr    0x25             	CLRR	_int_isr_cnt_196608_140
                                           ;	.line	925; "MC30P6280.c"	lvd_scan();
00007a   22ac     call    0x2ac            	CALL	_lvd_scan
                                           _00669_DS_
                                           ;	.line	947; "MC30P6280.c"	__endasm;
                                           	;
00007b   112d     swapar  0x2d             	swapar	_statusbuf;
00007c   1583     movra   0x3              	movra	_STATUS;
00007d   11ac     swapr   0x2c             	swapr	_abuf;
00007e   112c     swapar  0x2c             	swapar	_abuf;
                                           	
                                           END_OF_INTERRUPT
                                           ;	.line	948; "MC30P6280.c"	}
00007f   000d     retie                    	RETIE	
                                           
                                           ;--------------------------------------------------------
                                           ; code
                                           ;--------------------------------------------------------
                                           code_MC30P6280	code
                                           ;***
                                           ;  pBlock Stats: dbName = M
                                           ;***
                                           ;entry:  _main	;Function start
                                           ; 2 exit points
                                           ;has an exit
                                           ;functions called:
                                           ;   _Sys_Init
                                           ;   _user_init
                                           ;   _Sys_Init
                                           ;   _user_init
                                           ;   _delay_ms
                                           ;   _Sys_Init
                                           ;   _user_init
                                           ;   _Sys_Init
                                           ;   _user_init
                                           ;   _delay_ms
                                           ;3 compiler assigned registers:
                                           ;   STK02
                                           ;   STK01
                                           ;   STK00
                                           ;; Starting pCode block
                                           _main	;Function start
                                           ; 2 exit points
                                           ;	.line	683; "MC30P6280.c"	Sys_Init();
000080   22a7     call    0x2a7            	CALL	_Sys_Init
                                           ;	.line	684; "MC30P6280.c"	user_init();
000081   226b     call    0x26b            	CALL	_user_init
                                           ;	.line	686; "MC30P6280.c"	into_low_power_cnt = (u8)((u16)2000 / 10); // 确保一上电就进入低功耗
000082   0bc8     movai   0xc8             	MOVAI	0xc8
000083   15b3     movra   0x33             	MOVRA	_into_low_power_cnt
                                           _00602_DS_
                                           ;	.line	696; "MC30P6280.c"	if ((flag_is_dev_working && pwr_off_cnt >= ((u32)30 * 60 * 1000 / 10)) ||
000084   332e     jbset   0x2e, 0x6        	JBSET	_flag1,6
000085   2896     goto    0x96             	GOTO	_00600_DS_
                                           ;;unsigned compare: left < lit(0x2BF20=180000), size=4
000086   0b00     movai   0                	MOVAI	0x00
000087   1229     rsubar  0x29             	RSUBAR	(_pwr_off_cnt + 3)
000088   3103     jbset   0x3, 0x2         	JBSET	STATUS,2
000089   2894     goto    0x94             	GOTO	_00630_DS_
00008a   0b02     movai   0x2              	MOVAI	0x02
00008b   1228     rsubar  0x28             	RSUBAR	(_pwr_off_cnt + 2)
00008c   3103     jbset   0x3, 0x2         	JBSET	STATUS,2
00008d   2894     goto    0x94             	GOTO	_00630_DS_
00008e   0bbf     movai   0xbf             	MOVAI	0xbf
00008f   1227     rsubar  0x27             	RSUBAR	(_pwr_off_cnt + 1)
000090   3103     jbset   0x3, 0x2         	JBSET	STATUS,2
000091   2894     goto    0x94             	GOTO	_00630_DS_
000092   0b20     movai   0x20             	MOVAI	0x20
000093   1226     rsubar  0x26             	RSUBAR	_pwr_off_cnt
                                           _00630_DS_
000094   3403     jbclr   0x3, 0           	JBCLR	STATUS,0
000095   289a     goto    0x9a             	GOTO	_00590_DS_
                                           ;;genSkipc:3291: created from rifx:013B5EFC
                                           ;;unsigned compare: left < lit(0xC8=200), size=1
                                           _00600_DS_
                                           ;	.line	697; "MC30P6280.c"	into_low_power_cnt >= (u8)((u16)2000 / 10)) {
000096   0bc8     movai   0xc8             	MOVAI	0xc8
000097   1233     rsubar  0x33             	RSUBAR	_into_low_power_cnt
000098   3003     jbset   0x3, 0           	JBSET	STATUS,0
000099   2884     goto    0x84             	GOTO	_00602_DS_
                                           ;;genSkipc:3291: created from rifx:013B5EFC
                                           _00590_DS_
                                           ;	.line	712; "MC30P6280.c"	GIE = 0; // 关闭总中断
00009a   3f8e     bclr    0xe, 0x7         	BCLR	_INTEbits,7
                                           ;	.line	718; "MC30P6280.c"	T0IE = 0;  // 屏蔽 timer0 中断
00009b   3c0e     bclr    0xe, 0           	BCLR	_INTEbits,0
                                           ;	.line	719; "MC30P6280.c"	T1IE = 0;  // 屏蔽 timer1 中断
00009c   3ccb     bclr    0x4b, 0x1        	BCLR	_TMRCRbits,1
                                           ;	.line	720; "MC30P6280.c"	T1EN = 0;  // 不使能定时器
00009d   3fcc     bclr    0x4c, 0x7        	BCLR	_T1CRbits,7
                                           ;	.line	721; "MC30P6280.c"	LVDEN = 0; // 关闭 lvd
00009e   3c08     bclr    0x8, 0           	BCLR	_MCRbits,0
                                           ;	.line	724; "MC30P6280.c"	PUCON = 0xFF; // 0:Effective 1:invalid
00009f   0bff     movai   0xff             	MOVAI	0xff
0000a0   158d     movra   0xd              	MOVRA	_PUCON
                                           ;	.line	725; "MC30P6280.c"	PDCON = 0xFF; // 0:Effective 1:invalid
0000a1   0bff     movai   0xff             	MOVAI	0xff
0000a2   158b     movra   0xb              	MOVRA	_PDCON
                                           ;	.line	726; "MC30P6280.c"	DDR1 = 0xFF;  // 1:input 0:output
0000a3   0bff     movai   0xff             	MOVAI	0xff
0000a4   15c6     movra   0x46             	MOVRA	_DDR1
                                           ;	.line	728; "MC30P6280.c"	PUCON &= ~(0x01 << 0);             // 上拉 20K ， P10(按键检测脚)
0000a5   3c0d     bclr    0xd, 0           	BCLR	_PUCON,0
                                           ;	.line	729; "MC30P6280.c"	PUCON &= ~(0x01 << 1 | 0x01 << 2); // LED控制 A端和B端，打开上拉
0000a6   0bf9     movai   0xf9             	MOVAI	0xf9
0000a7   1e8d     andra   0xd              	ANDRA	_PUCON
                                           ;	.line	735; "MC30P6280.c"	KBIF = 0; // 清除中断标志
0000a8   3c8f     bclr    0xf, 0x1         	BCLR	_INTFbits,1
                                           ;	.line	736; "MC30P6280.c"	KBIE = 1; // 使能键盘中断
0000a9   388e     bset    0xe, 0x1         	BSET	_INTEbits,1
                                           ;	.line	740; "MC30P6280.c"	P1KBCR |= (0x01 << 0) | (0x01 << 3);
0000aa   0b09     movai   0x9              	MOVAI	0x09
0000ab   1789     orra    0x9              	ORRA	_P1KBCR
                                           ;	.line	748; "MC30P6280.c"	Stop();
0000ac   000b     sleep                    	stop	
                                           ;	.line	749; "MC30P6280.c"	Nop();
0000ad   0000     nop                      	nop	
                                           ;	.line	750; "MC30P6280.c"	Nop();
0000ae   0000     nop                      	nop	
                                           ;	.line	753; "MC30P6280.c"	P1KBCR = 0; // 关闭所有键盘中断
0000af   1d89     clrr    0x9              	CLRR	_P1KBCR
                                           ;	.line	754; "MC30P6280.c"	KBIE = 0;   // 关闭键盘中断
0000b0   3c8e     bclr    0xe, 0x1         	BCLR	_INTEbits,1
                                           ;	.line	755; "MC30P6280.c"	KBIF = 0;   // 清除 键盘中断 标志
0000b1   3c8f     bclr    0xf, 0x1         	BCLR	_INTFbits,1
                                           ;	.line	762; "MC30P6280.c"	Sys_Init();
0000b2   22a7     call    0x2a7            	CALL	_Sys_Init
                                           ;	.line	763; "MC30P6280.c"	user_init();
0000b3   226b     call    0x26b            	CALL	_user_init
                                           ;	.line	765; "MC30P6280.c"	if (CHARGE_PIN == 0) {
0000b4   3586     jbclr   0x6, 0x3         	JBCLR	_P1bits,3
0000b5   28bb     goto    0xbb             	GOTO	_00592_DS_
                                           ;	.line	767; "MC30P6280.c"	tmp_bat_lev = BAT_LEV_4V2; // 唤醒后，给一个默认值
0000b6   0b06     movai   0x6              	MOVAI	0x06
0000b7   15b1     movra   0x31             	MOVRA	_tmp_bat_lev
                                           ;	.line	768; "MC30P6280.c"	bat_lev = BAT_LEV_4V2;
0000b8   0b06     movai   0x6              	MOVAI	0x06
0000b9   15b2     movra   0x32             	MOVRA	_bat_lev
0000ba   28bd     goto    0xbd             	GOTO	_00593_DS_
                                           _00592_DS_
                                           ;	.line	771; "MC30P6280.c"	tmp_bat_lev = BAT_LEV_2V9;
0000bb   1db1     clrr    0x31             	CLRR	_tmp_bat_lev
                                           ;	.line	772; "MC30P6280.c"	bat_lev = BAT_LEV_2V9;
0000bc   1db2     clrr    0x32             	CLRR	_bat_lev
                                           _00593_DS_
                                           ;	.line	779; "MC30P6280.c"	delay_ms(10);
0000bd   0b0a     movai   0xa              	MOVAI	0x0a
0000be   1594     movra   0x14             	MOVRA	STK02
0000bf   0b00     movai   0                	MOVAI	0x00
0000c0   1595     movra   0x15             	MOVRA	STK01
0000c1   0b00     movai   0                	MOVAI	0x00
0000c2   1596     movra   0x16             	MOVRA	STK00
0000c3   0b00     movai   0                	MOVAI	0x00
0000c4   227b     call    0x27b            	CALL	_delay_ms
                                           ;	.line	780; "MC30P6280.c"	flag_is_led_show_enable = 1; // 确保电池电量更新后，再使能led显示
0000c5   382f     bset    0x2f, 0          	BSET	_flag2,0
                                           ;	.line	783; "MC30P6280.c"	if (CHARGE_PIN == 0 && bat_lev < BAT_LEV_3V0) {
0000c6   3586     jbclr   0x6, 0x3         	JBCLR	_P1bits,3
0000c7   2884     goto    0x84             	GOTO	_00602_DS_
                                           ;;unsigned compare: left < lit(0x1=1), size=1
0000c8   0b01     movai   0x1              	MOVAI	0x01
0000c9   1232     rsubar  0x32             	RSUBAR	_bat_lev
0000ca   3003     jbset   0x3, 0           	JBSET	STATUS,0
0000cb   289a     goto    0x9a             	GOTO	_00590_DS_
                                           ;;genSkipc:3291: created from rifx:013B5EFC
                                           ;	.line	784; "MC30P6280.c"	goto label_low_power_in;
0000cc   2884     goto    0x84             	GOTO	_00602_DS_
                                           ;	.line	789; "MC30P6280.c"	}
0000cd   000c     return                   	RETURN	
                                           ; exit point of _main
                                           
                                           ;***
                                           ;  pBlock Stats: dbName = C
                                           ;***
                                           ;entry:  _led_refresh	;Function start
                                           ; 2 exit points
                                           ;has an exit
                                           ;functions called:
                                           ;   _led_all_off
                                           ;   _led1_on
                                           ;   _led2_on
                                           ;   _led3_on
                                           ;   _led4_on
                                           ;   _led_all_off
                                           ;   _led1_on
                                           ;   _led2_on
                                           ;   _led3_on
                                           ;   _led4_on
                                           ;1 compiler assigned register :
                                           ;   r0x1021
                                           ;; Starting pCode block
                                           _led_refresh	;Function start
                                           ; 2 exit points
                                           ;	.line	644; "MC30P6280.c"	if (0 == flag_is_led_show_enable) {
0000ce   342f     jbclr   0x2f, 0          	JBCLR	_flag2,0
0000cf   28d1     goto    0xd1             	GOTO	_00543_DS_
                                           ;	.line	645; "MC30P6280.c"	return;
0000d0   28f9     goto    0xf9             	GOTO	_00558_DS_
                                           _00543_DS_
                                           ;	.line	648; "MC30P6280.c"	led_all_off();
0000d1   225f     call    0x25f            	CALL	_led_all_off
                                           ;	.line	650; "MC30P6280.c"	switch (sta) {
0000d2   1623     movar   0x23             	MOVAR	_led_refresh_sta_65536_104
0000d3   15a2     movra   0x22             	MOVRA	r0x1021
                                           ;;swapping arguments (AOP_TYPEs 1/2)
                                           ;;unsigned compare: left >= lit(0x4=4), size=1
0000d4   0b04     movai   0x4              	MOVAI	0x04
0000d5   1222     rsubar  0x22             	RSUBAR	r0x1021
0000d6   3403     jbclr   0x3, 0           	JBCLR	STATUS,0
0000d7   28f9     goto    0xf9             	GOTO	_00558_DS_
                                           ;;genSkipc:3291: created from rifx:013B5EFC
0000d8   0b00     movai   0                	MOVAI	HIGH(_00585_DS_)
0000d9   158a     movra   0xa              	MOVRA	PCLATH
0000da   0bdf     movai   0xdf             	MOVAI	_00585_DS_
0000db   1f22     addar   0x22             	ADDAR	r0x1021
0000dc   3403     jbclr   0x3, 0           	JBCLR	STATUS,0
0000dd   198a     incr    0xa              	INCR	PCLATH
0000de   1582     movra   0x2              	MOVRA	PCL
                                           _00585_DS_
0000df   28e3     goto    0xe3             	GOTO	_00544_DS_
0000e0   28e9     goto    0xe9             	GOTO	_00547_DS_
0000e1   28ef     goto    0xef             	GOTO	_00550_DS_
0000e2   28f5     goto    0xf5             	GOTO	_00553_DS_
                                           _00544_DS_
                                           ;	.line	652; "MC30P6280.c"	if (flag_led_1_on) {
0000e3   312e     jbset   0x2e, 0x2        	JBSET	_flag1,2
0000e4   28e6     goto    0xe6             	GOTO	_00546_DS_
                                           ;	.line	653; "MC30P6280.c"	led1_on();
0000e5   225a     call    0x25a            	CALL	_led1_on
                                           _00546_DS_
                                           ;	.line	655; "MC30P6280.c"	sta = 1;
0000e6   0b01     movai   0x1              	MOVAI	0x01
0000e7   15a3     movra   0x23             	MOVRA	_led_refresh_sta_65536_104
                                           ;	.line	656; "MC30P6280.c"	break;
0000e8   28f9     goto    0xf9             	GOTO	_00558_DS_
                                           _00547_DS_
                                           ;	.line	658; "MC30P6280.c"	if (flag_led_2_on) {
0000e9   31ae     jbset   0x2e, 0x3        	JBSET	_flag1,3
0000ea   28ec     goto    0xec             	GOTO	_00549_DS_
                                           ;	.line	659; "MC30P6280.c"	led2_on();
0000eb   2255     call    0x255            	CALL	_led2_on
                                           _00549_DS_
                                           ;	.line	661; "MC30P6280.c"	sta = 2;
0000ec   0b02     movai   0x2              	MOVAI	0x02
0000ed   15a3     movra   0x23             	MOVRA	_led_refresh_sta_65536_104
                                           ;	.line	662; "MC30P6280.c"	break;
0000ee   28f9     goto    0xf9             	GOTO	_00558_DS_
                                           _00550_DS_
                                           ;	.line	664; "MC30P6280.c"	if (flag_led_3_on) {
0000ef   322e     jbset   0x2e, 0x4        	JBSET	_flag1,4
0000f0   28f2     goto    0xf2             	GOTO	_00552_DS_
                                           ;	.line	665; "MC30P6280.c"	led3_on();
0000f1   2250     call    0x250            	CALL	_led3_on
                                           _00552_DS_
                                           ;	.line	667; "MC30P6280.c"	sta = 3;
0000f2   0b03     movai   0x3              	MOVAI	0x03
0000f3   15a3     movra   0x23             	MOVRA	_led_refresh_sta_65536_104
                                           ;	.line	668; "MC30P6280.c"	break;
0000f4   28f9     goto    0xf9             	GOTO	_00558_DS_
                                           _00553_DS_
                                           ;	.line	670; "MC30P6280.c"	if (flag_led_4_on) {
0000f5   32ae     jbset   0x2e, 0x5        	JBSET	_flag1,5
0000f6   28f8     goto    0xf8             	GOTO	_00555_DS_
                                           ;	.line	671; "MC30P6280.c"	led4_on();
0000f7   224b     call    0x24b            	CALL	_led4_on
                                           _00555_DS_
                                           ;	.line	673; "MC30P6280.c"	sta = 0;
0000f8   1da3     clrr    0x23             	CLRR	_led_refresh_sta_65536_104
                                           _00558_DS_
                                           ;	.line	679; "MC30P6280.c"	}
0000f9   000c     return                   	RETURN	
                                           ; exit point of _led_refresh
                                           
                                           ;***
                                           ;  pBlock Stats: dbName = C
                                           ;***
                                           ;entry:  _led_status_handle	;Function start
                                           ; 2 exit points
                                           ;has an exit
                                           ;1 compiler assigned register :
                                           ;   r0x1022
                                           ;; Starting pCode block
                                           _led_status_handle	;Function start
                                           ; 2 exit points
                                           ;	.line	472; "MC30P6280.c"	led_sta_reflash_cnt++;
0000fa   19b5     incr    0x35             	INCR	_led_sta_reflash_cnt
                                           ;;unsigned compare: left < lit(0x32=50), size=1
                                           ;	.line	473; "MC30P6280.c"	if (led_sta_reflash_cnt >= (u8)(500 / 10)) {
0000fb   0b32     movai   0x32             	MOVAI	0x32
0000fc   1235     rsubar  0x35             	RSUBAR	_led_sta_reflash_cnt
0000fd   3003     jbset   0x3, 0           	JBSET	STATUS,0
0000fe   29c5     goto    0x1c5            	GOTO	_00410_DS_
                                           ;;genSkipc:3291: created from rifx:013B5EFC
                                           ;	.line	474; "MC30P6280.c"	led_sta_reflash_cnt = 0;
0000ff   1db5     clrr    0x35             	CLRR	_led_sta_reflash_cnt
                                           ;	.line	476; "MC30P6280.c"	if (flag_is_in_charging) {
000100   302e     jbset   0x2e, 0          	JBSET	_flag1,0
000101   298d     goto    0x18d            	GOTO	_00407_DS_
                                           ;	.line	480; "MC30P6280.c"	if (flag_is_charge_begin) {
000102   30ae     jbset   0x2e, 0x1        	JBSET	_flag1,1
000103   293e     goto    0x13e            	GOTO	_00389_DS_
                                           ;;unsigned compare: left < lit(0x3=3), size=1
                                           ;	.line	481; "MC30P6280.c"	if (bat_lev < BAT_LEV_3V3) {
000104   0b03     movai   0x3              	MOVAI	0x03
000105   1232     rsubar  0x32             	RSUBAR	_bat_lev
000106   3403     jbclr   0x3, 0           	JBCLR	STATUS,0
000107   290a     goto    0x10a            	GOTO	_00372_DS_
                                           ;;genSkipc:3291: created from rifx:013B5EFC
                                           ;	.line	486; "MC30P6280.c"	flag_is_charge_begin = 0;
000108   3cae     bclr    0x2e, 0x1        	BCLR	_flag1,1
000109   29c5     goto    0x1c5            	GOTO	_00410_DS_
                                           ;;unsigned compare: left < lit(0x3=3), size=1
                                           _00372_DS_
                                           ;	.line	487; "MC30P6280.c"	} else if (bat_lev >= BAT_LEV_3V3 && charge_anim_phase == 0) {
00010a   0b03     movai   0x3              	MOVAI	0x03
00010b   1232     rsubar  0x32             	RSUBAR	_bat_lev
00010c   3003     jbset   0x3, 0           	JBSET	STATUS,0
00010d   2916     goto    0x116            	GOTO	_00368_DS_
                                           ;;genSkipc:3291: created from rifx:013B5EFC
00010e   0b00     movai   0                	MOVAI	0x00
00010f   1734     orar    0x34             	ORAR	_charge_anim_phase
000110   3103     jbset   0x3, 0x2         	JBSET	STATUS,2
000111   2916     goto    0x116            	GOTO	_00368_DS_
                                           ;	.line	492; "MC30P6280.c"	flag_led_1_on = 1;
000112   392e     bset    0x2e, 0x2        	BSET	_flag1,2
                                           ;	.line	493; "MC30P6280.c"	charge_anim_phase = 1;
000113   0b01     movai   0x1              	MOVAI	0x01
000114   15b4     movra   0x34             	MOVRA	_charge_anim_phase
000115   29c5     goto    0x1c5            	GOTO	_00410_DS_
                                           ;;unsigned compare: left < lit(0x4=4), size=1
                                           _00368_DS_
                                           ;	.line	494; "MC30P6280.c"	} else if (bat_lev >= BAT_LEV_3V6 && charge_anim_phase == 1) {
000116   0b04     movai   0x4              	MOVAI	0x04
000117   1232     rsubar  0x32             	RSUBAR	_bat_lev
000118   3003     jbset   0x3, 0           	JBSET	STATUS,0
000119   2922     goto    0x122            	GOTO	_00364_DS_
                                           ;;genSkipc:3291: created from rifx:013B5EFC
00011a   1634     movar   0x34             	MOVAR	_charge_anim_phase
00011b   0801     xorai   0x1              	XORAI	0x01
00011c   3103     jbset   0x3, 0x2         	JBSET	STATUS,2
00011d   2922     goto    0x122            	GOTO	_00364_DS_
                                           ;	.line	499; "MC30P6280.c"	flag_led_2_on = 1;
00011e   39ae     bset    0x2e, 0x3        	BSET	_flag1,3
                                           ;	.line	500; "MC30P6280.c"	charge_anim_phase = 2;
00011f   0b02     movai   0x2              	MOVAI	0x02
000120   15b4     movra   0x34             	MOVRA	_charge_anim_phase
000121   29c5     goto    0x1c5            	GOTO	_00410_DS_
                                           ;;unsigned compare: left < lit(0x5=5), size=1
                                           _00364_DS_
                                           ;	.line	501; "MC30P6280.c"	} else if (bat_lev >= BAT_LEV_4V0 && charge_anim_phase == 2) {
000122   0b05     movai   0x5              	MOVAI	0x05
000123   1232     rsubar  0x32             	RSUBAR	_bat_lev
000124   3003     jbset   0x3, 0           	JBSET	STATUS,0
000125   292e     goto    0x12e            	GOTO	_00360_DS_
                                           ;;genSkipc:3291: created from rifx:013B5EFC
000126   1634     movar   0x34             	MOVAR	_charge_anim_phase
000127   0802     xorai   0x2              	XORAI	0x02
000128   3103     jbset   0x3, 0x2         	JBSET	STATUS,2
000129   292e     goto    0x12e            	GOTO	_00360_DS_
                                           ;	.line	506; "MC30P6280.c"	flag_led_3_on = 1;
00012a   3a2e     bset    0x2e, 0x4        	BSET	_flag1,4
                                           ;	.line	507; "MC30P6280.c"	charge_anim_phase = 3;
00012b   0b03     movai   0x3              	MOVAI	0x03
00012c   15b4     movra   0x34             	MOVRA	_charge_anim_phase
00012d   29c5     goto    0x1c5            	GOTO	_00410_DS_
                                           ;;unsigned compare: left < lit(0x6=6), size=1
                                           _00360_DS_
                                           ;	.line	508; "MC30P6280.c"	} else if (bat_lev >= BAT_LEV_4V2 && charge_anim_phase == 3) {
00012e   0b06     movai   0x6              	MOVAI	0x06
00012f   1232     rsubar  0x32             	RSUBAR	_bat_lev
000130   3003     jbset   0x3, 0           	JBSET	STATUS,0
000131   293a     goto    0x13a            	GOTO	_00356_DS_
                                           ;;genSkipc:3291: created from rifx:013B5EFC
000132   1634     movar   0x34             	MOVAR	_charge_anim_phase
000133   0803     xorai   0x3              	XORAI	0x03
000134   3103     jbset   0x3, 0x2         	JBSET	STATUS,2
000135   293a     goto    0x13a            	GOTO	_00356_DS_
                                           ;	.line	510; "MC30P6280.c"	flag_led_4_on = 1;
000136   3aae     bset    0x2e, 0x5        	BSET	_flag1,5
                                           ;	.line	511; "MC30P6280.c"	charge_anim_phase = 4;
000137   0b04     movai   0x4              	MOVAI	0x04
000138   15b4     movra   0x34             	MOVRA	_charge_anim_phase
000139   29c5     goto    0x1c5            	GOTO	_00410_DS_
                                           _00356_DS_
                                           ;	.line	513; "MC30P6280.c"	flag_is_charge_begin = 0; // 退出刚开始充电的动画
00013a   3cae     bclr    0x2e, 0x1        	BCLR	_flag1,1
                                           ;	.line	518; "MC30P6280.c"	led_sta_reflash_cnt = (u8)(500 / 10);
00013b   0b32     movai   0x32             	MOVAI	0x32
00013c   15b5     movra   0x35             	MOVRA	_led_sta_reflash_cnt
00013d   29c5     goto    0x1c5            	GOTO	_00410_DS_
                                           _00389_DS_
                                           ;	.line	522; "MC30P6280.c"	switch (bat_lev) {
00013e   1632     movar   0x32             	MOVAR	_bat_lev
00013f   15a1     movra   0x21             	MOVRA	r0x1022
                                           ;;swapping arguments (AOP_TYPEs 1/2)
                                           ;;unsigned compare: left >= lit(0x7=7), size=1
000140   0b07     movai   0x7              	MOVAI	0x07
000141   1221     rsubar  0x21             	RSUBAR	r0x1022
000142   3403     jbclr   0x3, 0           	JBCLR	STATUS,0
000143   297d     goto    0x17d            	GOTO	_00381_DS_
                                           ;;genSkipc:3291: created from rifx:013B5EFC
000144   0b01     movai   0x1              	MOVAI	HIGH(_00528_DS_)
000145   158a     movra   0xa              	MOVRA	PCLATH
000146   0b4b     movai   0x4b             	MOVAI	_00528_DS_
000147   1f21     addar   0x21             	ADDAR	r0x1022
000148   3403     jbclr   0x3, 0           	JBCLR	STATUS,0
000149   198a     incr    0xa              	INCR	PCLATH
00014a   1582     movra   0x2              	MOVRA	PCL
                                           _00528_DS_
00014b   2973     goto    0x173            	GOTO	_00380_DS_
00014c   2973     goto    0x173            	GOTO	_00380_DS_
00014d   2973     goto    0x173            	GOTO	_00380_DS_
00014e   2968     goto    0x168            	GOTO	_00377_DS_
00014f   295d     goto    0x15d            	GOTO	_00376_DS_
000150   2952     goto    0x152            	GOTO	_00375_DS_
000151   2952     goto    0x152            	GOTO	_00375_DS_
                                           _00375_DS_
                                           ;	.line	525; "MC30P6280.c"	flag_led_4_on = ~flag_led_4_on;
000152   1da1     clrr    0x21             	CLRR	r0x1022
000153   36ae     jbclr   0x2e, 0x5        	JBCLR	_flag1,5
000154   19a1     incr    0x21             	INCR	r0x1022
000155   1c21     comar   0x21             	COMAR	r0x1022
000156   15a1     movra   0x21             	MOVRA	r0x1022
000157   1321     rrar    0x21             	RRAR	r0x1022
000158   3003     jbset   0x3, 0           	JBSET	STATUS,0
000159   3eae     bclr    0x2e, 0x5        	BCLR	_flag1,5
00015a   3403     jbclr   0x3, 0           	JBCLR	STATUS,0
00015b   3aae     bset    0x2e, 0x5        	BSET	_flag1,5
                                           ;	.line	526; "MC30P6280.c"	break;
00015c   297d     goto    0x17d            	GOTO	_00381_DS_
                                           _00376_DS_
                                           ;	.line	528; "MC30P6280.c"	flag_led_3_on = ~flag_led_3_on;
00015d   1da1     clrr    0x21             	CLRR	r0x1022
00015e   362e     jbclr   0x2e, 0x4        	JBCLR	_flag1,4
00015f   19a1     incr    0x21             	INCR	r0x1022
000160   1c21     comar   0x21             	COMAR	r0x1022
000161   15a1     movra   0x21             	MOVRA	r0x1022
000162   1321     rrar    0x21             	RRAR	r0x1022
000163   3003     jbset   0x3, 0           	JBSET	STATUS,0
000164   3e2e     bclr    0x2e, 0x4        	BCLR	_flag1,4
000165   3403     jbclr   0x3, 0           	JBCLR	STATUS,0
000166   3a2e     bset    0x2e, 0x4        	BSET	_flag1,4
                                           ;	.line	529; "MC30P6280.c"	break;
000167   297d     goto    0x17d            	GOTO	_00381_DS_
                                           _00377_DS_
                                           ;	.line	531; "MC30P6280.c"	flag_led_2_on = ~flag_led_2_on;
000168   1da1     clrr    0x21             	CLRR	r0x1022
000169   35ae     jbclr   0x2e, 0x3        	JBCLR	_flag1,3
00016a   19a1     incr    0x21             	INCR	r0x1022
00016b   1c21     comar   0x21             	COMAR	r0x1022
00016c   15a1     movra   0x21             	MOVRA	r0x1022
00016d   1321     rrar    0x21             	RRAR	r0x1022
00016e   3003     jbset   0x3, 0           	JBSET	STATUS,0
00016f   3dae     bclr    0x2e, 0x3        	BCLR	_flag1,3
000170   3403     jbclr   0x3, 0           	JBCLR	STATUS,0
000171   39ae     bset    0x2e, 0x3        	BSET	_flag1,3
                                           ;	.line	532; "MC30P6280.c"	break;
000172   297d     goto    0x17d            	GOTO	_00381_DS_
                                           _00380_DS_
                                           ;	.line	537; "MC30P6280.c"	flag_led_1_on = ~flag_led_1_on;
000173   1da1     clrr    0x21             	CLRR	r0x1022
000174   352e     jbclr   0x2e, 0x2        	JBCLR	_flag1,2
000175   19a1     incr    0x21             	INCR	r0x1022
000176   1c21     comar   0x21             	COMAR	r0x1022
000177   15a1     movra   0x21             	MOVRA	r0x1022
000178   1321     rrar    0x21             	RRAR	r0x1022
000179   3003     jbset   0x3, 0           	JBSET	STATUS,0
00017a   3d2e     bclr    0x2e, 0x2        	BCLR	_flag1,2
00017b   3403     jbclr   0x3, 0           	JBCLR	STATUS,0
00017c   392e     bset    0x2e, 0x2        	BSET	_flag1,2
                                           ;;unsigned compare: left < lit(0x3=3), size=1
                                           _00381_DS_
                                           ;	.line	541; "MC30P6280.c"	if (bat_lev >= BAT_LEV_3V3) {
00017d   0b03     movai   0x3              	MOVAI	0x03
00017e   1232     rsubar  0x32             	RSUBAR	_bat_lev
00017f   3003     jbset   0x3, 0           	JBSET	STATUS,0
000180   2982     goto    0x182            	GOTO	_00383_DS_
                                           ;;genSkipc:3291: created from rifx:013B5EFC
                                           ;	.line	542; "MC30P6280.c"	flag_led_1_on = 1; // 指示灯常亮，不闪烁
000181   392e     bset    0x2e, 0x2        	BSET	_flag1,2
                                           ;;unsigned compare: left < lit(0x4=4), size=1
                                           _00383_DS_
                                           ;	.line	545; "MC30P6280.c"	if (bat_lev >= BAT_LEV_3V6) {
000182   0b04     movai   0x4              	MOVAI	0x04
000183   1232     rsubar  0x32             	RSUBAR	_bat_lev
000184   3003     jbset   0x3, 0           	JBSET	STATUS,0
000185   2987     goto    0x187            	GOTO	_00385_DS_
                                           ;;genSkipc:3291: created from rifx:013B5EFC
                                           ;	.line	546; "MC30P6280.c"	flag_led_2_on = 1; // 指示灯常亮，不闪烁
000186   39ae     bset    0x2e, 0x3        	BSET	_flag1,3
                                           ;;unsigned compare: left < lit(0x5=5), size=1
                                           _00385_DS_
                                           ;	.line	549; "MC30P6280.c"	if (bat_lev >= BAT_LEV_4V0) {
000187   0b05     movai   0x5              	MOVAI	0x05
000188   1232     rsubar  0x32             	RSUBAR	_bat_lev
000189   3003     jbset   0x3, 0           	JBSET	STATUS,0
00018a   29c5     goto    0x1c5            	GOTO	_00410_DS_
                                           ;;genSkipc:3291: created from rifx:013B5EFC
                                           ;	.line	550; "MC30P6280.c"	flag_led_3_on = 1; // 指示灯常亮，不闪烁
00018b   3a2e     bset    0x2e, 0x4        	BSET	_flag1,4
00018c   29c5     goto    0x1c5            	GOTO	_00410_DS_
                                           _00407_DS_
                                           ;	.line	578; "MC30P6280.c"	} else if (flag_is_dev_working) {
00018d   332e     jbset   0x2e, 0x6        	JBSET	_flag1,6
00018e   29c1     goto    0x1c1            	GOTO	_00404_DS_
                                           ;;unsigned compare: left < lit(0x5=5), size=1
                                           ;	.line	587; "MC30P6280.c"	if (bat_lev >= BAT_LEV_4V0) {
00018f   0b05     movai   0x5              	MOVAI	0x05
000190   1232     rsubar  0x32             	RSUBAR	_bat_lev
000191   3003     jbset   0x3, 0           	JBSET	STATUS,0
000192   2998     goto    0x198            	GOTO	_00401_DS_
                                           ;;genSkipc:3291: created from rifx:013B5EFC
                                           ;	.line	588; "MC30P6280.c"	flag_led_4_on = 1;
000193   3aae     bset    0x2e, 0x5        	BSET	_flag1,5
                                           ;	.line	589; "MC30P6280.c"	flag_led_3_on = 1;
000194   3a2e     bset    0x2e, 0x4        	BSET	_flag1,4
                                           ;	.line	590; "MC30P6280.c"	flag_led_2_on = 1;
000195   39ae     bset    0x2e, 0x3        	BSET	_flag1,3
                                           ;	.line	591; "MC30P6280.c"	flag_led_1_on = 1;
000196   392e     bset    0x2e, 0x2        	BSET	_flag1,2
000197   29c5     goto    0x1c5            	GOTO	_00410_DS_
                                           ;;unsigned compare: left < lit(0x4=4), size=1
                                           _00401_DS_
                                           ;	.line	592; "MC30P6280.c"	} else if (bat_lev >= BAT_LEV_3V6) {
000198   0b04     movai   0x4              	MOVAI	0x04
000199   1232     rsubar  0x32             	RSUBAR	_bat_lev
00019a   3003     jbset   0x3, 0           	JBSET	STATUS,0
00019b   29a1     goto    0x1a1            	GOTO	_00398_DS_
                                           ;;genSkipc:3291: created from rifx:013B5EFC
                                           ;	.line	593; "MC30P6280.c"	flag_led_4_on = 0;
00019c   3eae     bclr    0x2e, 0x5        	BCLR	_flag1,5
                                           ;	.line	594; "MC30P6280.c"	flag_led_3_on = 1;
00019d   3a2e     bset    0x2e, 0x4        	BSET	_flag1,4
                                           ;	.line	595; "MC30P6280.c"	flag_led_2_on = 1;
00019e   39ae     bset    0x2e, 0x3        	BSET	_flag1,3
                                           ;	.line	596; "MC30P6280.c"	flag_led_1_on = 1;
00019f   392e     bset    0x2e, 0x2        	BSET	_flag1,2
0001a0   29c5     goto    0x1c5            	GOTO	_00410_DS_
                                           ;;unsigned compare: left < lit(0x3=3), size=1
                                           _00398_DS_
                                           ;	.line	597; "MC30P6280.c"	} else if (bat_lev >= BAT_LEV_3V3) {
0001a1   0b03     movai   0x3              	MOVAI	0x03
0001a2   1232     rsubar  0x32             	RSUBAR	_bat_lev
0001a3   3003     jbset   0x3, 0           	JBSET	STATUS,0
0001a4   29aa     goto    0x1aa            	GOTO	_00395_DS_
                                           ;;genSkipc:3291: created from rifx:013B5EFC
                                           ;	.line	598; "MC30P6280.c"	flag_led_4_on = 0;
0001a5   3eae     bclr    0x2e, 0x5        	BCLR	_flag1,5
                                           ;	.line	599; "MC30P6280.c"	flag_led_3_on = 0;
0001a6   3e2e     bclr    0x2e, 0x4        	BCLR	_flag1,4
                                           ;	.line	600; "MC30P6280.c"	flag_led_2_on = 1;
0001a7   39ae     bset    0x2e, 0x3        	BSET	_flag1,3
                                           ;	.line	601; "MC30P6280.c"	flag_led_1_on = 1;
0001a8   392e     bset    0x2e, 0x2        	BSET	_flag1,2
0001a9   29c5     goto    0x1c5            	GOTO	_00410_DS_
                                           ;;unsigned compare: left < lit(0x2=2), size=1
                                           _00395_DS_
                                           ;	.line	602; "MC30P6280.c"	} else if (bat_lev >= BAT_LEV_3V2) {
0001aa   0b02     movai   0x2              	MOVAI	0x02
0001ab   1232     rsubar  0x32             	RSUBAR	_bat_lev
0001ac   3003     jbset   0x3, 0           	JBSET	STATUS,0
0001ad   29b3     goto    0x1b3            	GOTO	_00392_DS_
                                           ;;genSkipc:3291: created from rifx:013B5EFC
                                           ;	.line	603; "MC30P6280.c"	flag_led_4_on = 0;
0001ae   3eae     bclr    0x2e, 0x5        	BCLR	_flag1,5
                                           ;	.line	604; "MC30P6280.c"	flag_led_3_on = 0;
0001af   3e2e     bclr    0x2e, 0x4        	BCLR	_flag1,4
                                           ;	.line	605; "MC30P6280.c"	flag_led_2_on = 0;
0001b0   3dae     bclr    0x2e, 0x3        	BCLR	_flag1,3
                                           ;	.line	606; "MC30P6280.c"	flag_led_1_on = 1;
0001b1   392e     bset    0x2e, 0x2        	BSET	_flag1,2
0001b2   29c5     goto    0x1c5            	GOTO	_00410_DS_
                                           _00392_DS_
                                           ;	.line	609; "MC30P6280.c"	flag_led_4_on = 0;
0001b3   3eae     bclr    0x2e, 0x5        	BCLR	_flag1,5
                                           ;	.line	610; "MC30P6280.c"	flag_led_3_on = 0;
0001b4   3e2e     bclr    0x2e, 0x4        	BCLR	_flag1,4
                                           ;	.line	611; "MC30P6280.c"	flag_led_2_on = 0;
0001b5   3dae     bclr    0x2e, 0x3        	BCLR	_flag1,3
                                           ;	.line	613; "MC30P6280.c"	flag_led_1_on = ~flag_led_1_on;
0001b6   1da1     clrr    0x21             	CLRR	r0x1022
0001b7   352e     jbclr   0x2e, 0x2        	JBCLR	_flag1,2
0001b8   19a1     incr    0x21             	INCR	r0x1022
0001b9   1c21     comar   0x21             	COMAR	r0x1022
0001ba   15a1     movra   0x21             	MOVRA	r0x1022
0001bb   1321     rrar    0x21             	RRAR	r0x1022
0001bc   3003     jbset   0x3, 0           	JBSET	STATUS,0
0001bd   3d2e     bclr    0x2e, 0x2        	BCLR	_flag1,2
0001be   3403     jbclr   0x3, 0           	JBCLR	STATUS,0
0001bf   392e     bset    0x2e, 0x2        	BSET	_flag1,2
0001c0   29c5     goto    0x1c5            	GOTO	_00410_DS_
                                           _00404_DS_
                                           ;	.line	617; "MC30P6280.c"	flag_led_1_on = 0;
0001c1   3d2e     bclr    0x2e, 0x2        	BCLR	_flag1,2
                                           ;	.line	618; "MC30P6280.c"	flag_led_2_on = 0;
0001c2   3dae     bclr    0x2e, 0x3        	BCLR	_flag1,3
                                           ;	.line	619; "MC30P6280.c"	flag_led_3_on = 0;
0001c3   3e2e     bclr    0x2e, 0x4        	BCLR	_flag1,4
                                           ;	.line	620; "MC30P6280.c"	flag_led_4_on = 0;
0001c4   3eae     bclr    0x2e, 0x5        	BCLR	_flag1,5
                                           _00410_DS_
                                           ;	.line	624; "MC30P6280.c"	if (flag_is_in_charging && 0 == flag_is_charge_begin) {
0001c5   302e     jbset   0x2e, 0          	JBSET	_flag1,0
0001c6   29da     goto    0x1da            	GOTO	_00419_DS_
0001c7   34ae     jbclr   0x2e, 0x1        	JBCLR	_flag1,1
0001c8   29da     goto    0x1da            	GOTO	_00419_DS_
                                           ;;unsigned compare: left < lit(0x6=6), size=1
                                           ;	.line	626; "MC30P6280.c"	if (bat_lev >= BAT_LEV_4V2) {
0001c9   0b06     movai   0x6              	MOVAI	0x06
0001ca   1232     rsubar  0x32             	RSUBAR	_bat_lev
0001cb   3003     jbset   0x3, 0           	JBSET	STATUS,0
0001cc   29da     goto    0x1da            	GOTO	_00419_DS_
                                           ;;genSkipc:3291: created from rifx:013B5EFC
                                           ;;unsigned compare: left < lit(0x8CA0=36000), size=2
                                           ;	.line	627; "MC30P6280.c"	if (charge_fully_cnt < (u16)(((u32)6 * 60 * 1000) / 10)) {
0001cd   0b8c     movai   0x8c             	MOVAI	0x8c
0001ce   122b     rsubar  0x2b             	RSUBAR	(_charge_fully_cnt + 1)
0001cf   3103     jbset   0x3, 0x2         	JBSET	STATUS,2
0001d0   29d3     goto    0x1d3            	GOTO	_00537_DS_
0001d1   0ba0     movai   0xa0             	MOVAI	0xa0
0001d2   122a     rsubar  0x2a             	RSUBAR	_charge_fully_cnt
                                           _00537_DS_
0001d3   3403     jbclr   0x3, 0           	JBCLR	STATUS,0
0001d4   29d9     goto    0x1d9            	GOTO	_00412_DS_
                                           ;;genSkipc:3291: created from rifx:013B5EFC
                                           ;	.line	630; "MC30P6280.c"	charge_fully_cnt++;
0001d5   19aa     incr    0x2a             	INCR	_charge_fully_cnt
0001d6   3503     jbclr   0x3, 0x2         	JBCLR	STATUS,2
0001d7   19ab     incr    0x2b             	INCR	(_charge_fully_cnt + 1)
0001d8   29da     goto    0x1da            	GOTO	_00419_DS_
                                           _00412_DS_
                                           ;	.line	632; "MC30P6280.c"	flag_led_4_on = 1;
0001d9   3aae     bset    0x2e, 0x5        	BSET	_flag1,5
                                           _00419_DS_
                                           ;	.line	636; "MC30P6280.c"	}
0001da   000c     return                   	RETURN	
                                           ; exit point of _led_status_handle
                                           
                                           ;***
                                           ;  pBlock Stats: dbName = C
                                           ;***
                                           ;entry:  _key_scan	;Function start
                                           ; 2 exit points
                                           ;has an exit
                                           ;functions called:
                                           ;   _led_all_off
                                           ;   _pen_pwr_on
                                           ;   _pen_pwr_off
                                           ;   _led_all_off
                                           ;   _pen_pwr_on
                                           ;   _pen_pwr_off
                                           ;1 compiler assigned register :
                                           ;   r0x1023
                                           ;; Starting pCode block
                                           _key_scan	;Function start
                                           ; 2 exit points
                                           ;	.line	354; "MC30P6280.c"	if (flag_is_in_charging) {
0001db   302e     jbset   0x2e, 0          	JBSET	_flag1,0
0001dc   29e5     goto    0x1e5            	GOTO	_00263_DS_
                                           ;	.line	356; "MC30P6280.c"	last_key_id = 0;
0001dd   1db7     clrr    0x37             	CLRR	_last_key_id
                                           ;	.line	357; "MC30P6280.c"	press_cnt = 0;
0001de   1db8     clrr    0x38             	CLRR	_press_cnt
                                           ;	.line	358; "MC30P6280.c"	filter_cnt = 0;
0001df   1db9     clrr    0x39             	CLRR	_filter_cnt
                                           ;	.line	359; "MC30P6280.c"	filter_key_id = 0;
0001e0   1dba     clrr    0x3a             	CLRR	_filter_key_id
                                           ;	.line	360; "MC30P6280.c"	click_delay_cnt = 0;
0001e1   1dbb     clrr    0x3b             	CLRR	_click_delay_cnt
                                           ;	.line	361; "MC30P6280.c"	click_cnt = 0;
0001e2   1dbc     clrr    0x3c             	CLRR	_click_cnt
                                           ;	.line	362; "MC30P6280.c"	cur_key_id = 0;
0001e3   1dbd     clrr    0x3d             	CLRR	_cur_key_id
                                           ;	.line	363; "MC30P6280.c"	return;
0001e4   2a4a     goto    0x24a            	GOTO	_00294_DS_
                                           _00263_DS_
                                           ;	.line	366; "MC30P6280.c"	led_all_off();
0001e5   225f     call    0x25f            	CALL	_led_all_off
                                           ;	.line	369; "MC30P6280.c"	PUCON &= ~(0x01 << 0); // 上拉电阻 20K
0001e6   3c0d     bclr    0xd, 0           	BCLR	_PUCON,0
                                           ;	.line	370; "MC30P6280.c"	DDR1 |= 0x01 << 0;     // 输入模式
0001e7   3846     bset    0x46, 0          	BSET	_DDR1,0
                                           ;	.line	377; "MC30P6280.c"	if (1 == KEY_SCAN_PIN) {
0001e8   1da0     clrr    0x20             	CLRR	r0x1023
0001e9   3406     jbclr   0x6, 0           	JBCLR	_P1bits,0
0001ea   19a0     incr    0x20             	INCR	r0x1023
0001eb   1620     movar   0x20             	MOVAR	r0x1023
0001ec   0801     xorai   0x1              	XORAI	0x01
0001ed   3103     jbset   0x3, 0x2         	JBSET	STATUS,2
0001ee   29f1     goto    0x1f1            	GOTO	_00265_DS_
                                           ;	.line	378; "MC30P6280.c"	cur_key_id = KEY_ID_NONE;
0001ef   1dbd     clrr    0x3d             	CLRR	_cur_key_id
0001f0   29f8     goto    0x1f8            	GOTO	_00266_DS_
                                           _00265_DS_
                                           ;	.line	381; "MC30P6280.c"	cur_key_id = KEY_ID_VAILD;
0001f1   0b01     movai   0x1              	MOVAI	0x01
0001f2   15bd     movra   0x3d             	MOVRA	_cur_key_id
                                           ;	.line	385; "MC30P6280.c"	pwr_off_cnt = 0;
0001f3   1da6     clrr    0x26             	CLRR	_pwr_off_cnt
0001f4   1da7     clrr    0x27             	CLRR	(_pwr_off_cnt + 1)
0001f5   1da8     clrr    0x28             	CLRR	(_pwr_off_cnt + 2)
0001f6   1da9     clrr    0x29             	CLRR	(_pwr_off_cnt + 3)
                                           ;	.line	386; "MC30P6280.c"	into_low_power_cnt = 0;
0001f7   1db3     clrr    0x33             	CLRR	_into_low_power_cnt
                                           _00266_DS_
                                           ;	.line	389; "MC30P6280.c"	if (cur_key_id != filter_key_id) {
0001f8   163a     movar   0x3a             	MOVAR	_filter_key_id
0001f9   103d     xorar   0x3d             	XORAR	_cur_key_id
0001fa   3103     jbset   0x3, 0x2         	JBSET	STATUS,2
0001fb   29fd     goto    0x1fd            	GOTO	_00348_DS_
0001fc   2a01     goto    0x201            	GOTO	_00268_DS_
                                           _00348_DS_
                                           ;	.line	391; "MC30P6280.c"	filter_cnt = 0;
0001fd   1db9     clrr    0x39             	CLRR	_filter_cnt
                                           ;	.line	392; "MC30P6280.c"	filter_key_id = cur_key_id;
0001fe   163d     movar   0x3d             	MOVAR	_cur_key_id
0001ff   15ba     movra   0x3a             	MOVRA	_filter_key_id
                                           ;	.line	393; "MC30P6280.c"	return;
000200   2a4a     goto    0x24a            	GOTO	_00294_DS_
                                           ;;unsigned compare: left < lit(0x3=3), size=1
                                           _00268_DS_
                                           ;	.line	396; "MC30P6280.c"	if (filter_cnt < KEY_FILTER_TIMES) {
000201   0b03     movai   0x3              	MOVAI	0x03
000202   1239     rsubar  0x39             	RSUBAR	_filter_cnt
000203   3403     jbclr   0x3, 0           	JBCLR	STATUS,0
000204   2a07     goto    0x207            	GOTO	_00270_DS_
                                           ;;genSkipc:3291: created from rifx:013B5EFC
                                           ;	.line	399; "MC30P6280.c"	filter_cnt++;
000205   19b9     incr    0x39             	INCR	_filter_cnt
                                           ;	.line	400; "MC30P6280.c"	return;
000206   2a4a     goto    0x24a            	GOTO	_00294_DS_
                                           _00270_DS_
                                           ;	.line	404; "MC30P6280.c"	if (last_key_id != cur_key_id) {
000207   163d     movar   0x3d             	MOVAR	_cur_key_id
000208   1037     xorar   0x37             	XORAR	_last_key_id
000209   3103     jbset   0x3, 0x2         	JBSET	STATUS,2
00020a   2a0c     goto    0x20c            	GOTO	_00350_DS_
00020b   2a2f     goto    0x22f            	GOTO	_00292_DS_
                                           _00350_DS_
                                           ;	.line	407; "MC30P6280.c"	if (cur_key_id == KEY_ID_NONE) {
00020c   0b00     movai   0                	MOVAI	0x00
00020d   173d     orar    0x3d             	ORAR	_cur_key_id
00020e   3103     jbset   0x3, 0x2         	JBSET	STATUS,2
00020f   2a12     goto    0x212            	GOTO	_00272_DS_
                                           ;	.line	409; "MC30P6280.c"	click_delay_cnt = 0;
000210   1dbb     clrr    0x3b             	CLRR	_click_delay_cnt
000211   2a14     goto    0x214            	GOTO	_00273_DS_
                                           _00272_DS_
                                           ;	.line	413; "MC30P6280.c"	press_cnt = 0; // 重置按键按下时间计数
000212   1db8     clrr    0x38             	CLRR	_press_cnt
                                           ;	.line	414; "MC30P6280.c"	click_cnt++;
000213   19bc     incr    0x3c             	INCR	_click_cnt
                                           _00273_DS_
                                           ;	.line	417; "MC30P6280.c"	if (click_cnt == 2) {
000214   163c     movar   0x3c             	MOVAR	_click_cnt
000215   0802     xorai   0x2              	XORAI	0x02
000216   3103     jbset   0x3, 0x2         	JBSET	STATUS,2
000217   2a48     goto    0x248            	GOTO	_00293_DS_
                                           ;	.line	420; "MC30P6280.c"	flag_is_dev_working = ~flag_is_dev_working;
000218   1da0     clrr    0x20             	CLRR	r0x1023
000219   372e     jbclr   0x2e, 0x6        	JBCLR	_flag1,6
00021a   19a0     incr    0x20             	INCR	r0x1023
00021b   1c20     comar   0x20             	COMAR	r0x1023
00021c   15a0     movra   0x20             	MOVRA	r0x1023
00021d   1320     rrar    0x20             	RRAR	r0x1023
00021e   3003     jbset   0x3, 0           	JBSET	STATUS,0
00021f   3f2e     bclr    0x2e, 0x6        	BCLR	_flag1,6
000220   3403     jbclr   0x3, 0           	JBCLR	STATUS,0
000221   3b2e     bset    0x2e, 0x6        	BSET	_flag1,6
                                           ;	.line	422; "MC30P6280.c"	if (flag_is_dev_working) {
000222   332e     jbset   0x2e, 0x6        	JBSET	_flag1,6
000223   2a28     goto    0x228            	GOTO	_00275_DS_
                                           ;	.line	423; "MC30P6280.c"	pen_pwr_on();
000224   2268     call    0x268            	CALL	_pen_pwr_on
                                           ;	.line	425; "MC30P6280.c"	led_sta_reflash_cnt = (u8)(500 / 10);
000225   0b32     movai   0x32             	MOVAI	0x32
000226   15b5     movra   0x35             	MOVRA	_led_sta_reflash_cnt
000227   2a2d     goto    0x22d            	GOTO	_00276_DS_
                                           _00275_DS_
                                           ;	.line	428; "MC30P6280.c"	pen_pwr_off();
000228   2264     call    0x264            	CALL	_pen_pwr_off
                                           ;	.line	429; "MC30P6280.c"	flag_led_1_on = 0;
000229   3d2e     bclr    0x2e, 0x2        	BCLR	_flag1,2
                                           ;	.line	430; "MC30P6280.c"	flag_led_2_on = 0;
00022a   3dae     bclr    0x2e, 0x3        	BCLR	_flag1,3
                                           ;	.line	431; "MC30P6280.c"	flag_led_3_on = 0;
00022b   3e2e     bclr    0x2e, 0x4        	BCLR	_flag1,4
                                           ;	.line	432; "MC30P6280.c"	flag_led_4_on = 0;
00022c   3eae     bclr    0x2e, 0x5        	BCLR	_flag1,5
                                           _00276_DS_
                                           ;	.line	436; "MC30P6280.c"	click_cnt = 0;
00022d   1dbc     clrr    0x3c             	CLRR	_click_cnt
00022e   2a48     goto    0x248            	GOTO	_00293_DS_
                                           _00292_DS_
                                           ;	.line	443; "MC30P6280.c"	if (cur_key_id == KEY_ID_NONE) { // 没有按键按下，说明松手
00022f   0b00     movai   0                	MOVAI	0x00
000230   173d     orar    0x3d             	ORAR	_cur_key_id
000231   3103     jbset   0x3, 0x2         	JBSET	STATUS,2
000232   2a43     goto    0x243            	GOTO	_00289_DS_
                                           ;	.line	444; "MC30P6280.c"	if (click_cnt > 0) {
000233   0b00     movai   0                	MOVAI	0x00
000234   173c     orar    0x3c             	ORAR	_click_cnt
000235   3503     jbclr   0x3, 0x2         	JBCLR	STATUS,2
000236   2a48     goto    0x248            	GOTO	_00293_DS_
                                           ;;unsigned compare: left < lit(0x1E=30), size=1
                                           ;	.line	445; "MC30P6280.c"	if (click_delay_cnt >= KEY_CLICK_DELAY_TIME) { 
000237   0b1e     movai   0x1e             	MOVAI	0x1e
000238   123b     rsubar  0x3b             	RSUBAR	_click_delay_cnt
000239   3003     jbset   0x3, 0           	JBSET	STATUS,0
00023a   2a3d     goto    0x23d            	GOTO	_00282_DS_
                                           ;;genSkipc:3291: created from rifx:013B5EFC
                                           ;	.line	447; "MC30P6280.c"	click_cnt = 0; // 清空连击的次数
00023b   1dbc     clrr    0x3c             	CLRR	_click_cnt
00023c   2a48     goto    0x248            	GOTO	_00293_DS_
                                           ;;unsigned compare: left < lit(0xFF=255), size=1
                                           _00282_DS_
                                           ;	.line	449; "MC30P6280.c"	if (click_delay_cnt < 255) {
00023d   0bff     movai   0xff             	MOVAI	0xff
00023e   123b     rsubar  0x3b             	RSUBAR	_click_delay_cnt
00023f   3403     jbclr   0x3, 0           	JBCLR	STATUS,0
000240   2a48     goto    0x248            	GOTO	_00293_DS_
                                           ;;genSkipc:3291: created from rifx:013B5EFC
                                           ;	.line	451; "MC30P6280.c"	click_delay_cnt++;
000241   19bb     incr    0x3b             	INCR	_click_delay_cnt
000242   2a48     goto    0x248            	GOTO	_00293_DS_
                                           ;;unsigned compare: left < lit(0xFF=255), size=1
                                           _00289_DS_
                                           ;	.line	460; "MC30P6280.c"	if (press_cnt < 255) {
000243   0bff     movai   0xff             	MOVAI	0xff
000244   1238     rsubar  0x38             	RSUBAR	_press_cnt
000245   3403     jbclr   0x3, 0           	JBCLR	STATUS,0
000246   2a48     goto    0x248            	GOTO	_00293_DS_
                                           ;;genSkipc:3291: created from rifx:013B5EFC
                                           ;	.line	461; "MC30P6280.c"	press_cnt++;
000247   19b8     incr    0x38             	INCR	_press_cnt
                                           _00293_DS_
                                           ;	.line	466; "MC30P6280.c"	last_key_id = cur_key_id;
000248   163d     movar   0x3d             	MOVAR	_cur_key_id
000249   15b7     movra   0x37             	MOVRA	_last_key_id
                                           _00294_DS_
                                           ;	.line	467; "MC30P6280.c"	}
00024a   000c     return                   	RETURN	
                                           ; exit point of _key_scan
                                           
                                           ;***
                                           ;  pBlock Stats: dbName = C
                                           ;***
                                           ;entry:  _led4_on	;Function start
                                           ; 2 exit points
                                           ;has an exit
                                           ;; Starting pCode block
                                           _led4_on	;Function start
                                           ; 2 exit points
                                           ;	.line	344; "MC30P6280.c"	P1 &= ~(0x01 << 0);   // P10 输出低电平
00024b   3c06     bclr    0x6, 0           	BCLR	_P1,0
                                           ;	.line	345; "MC30P6280.c"	DDR1 &= ~(0x01 << 0); // P10 输出模式
00024c   3c46     bclr    0x46, 0          	BCLR	_DDR1,0
                                           ;	.line	347; "MC30P6280.c"	P1 |= (0x01 << 2);    // P12 输出高电平
00024d   3906     bset    0x6, 0x2         	BSET	_P1,2
                                           ;	.line	348; "MC30P6280.c"	DDR1 &= ~(0x01 << 2); // P12 输出模式
00024e   3d46     bclr    0x46, 0x2        	BCLR	_DDR1,2
                                           ;	.line	349; "MC30P6280.c"	}
00024f   000c     return                   	RETURN	
                                           ; exit point of _led4_on
                                           
                                           ;***
                                           ;  pBlock Stats: dbName = C
                                           ;***
                                           ;entry:  _led3_on	;Function start
                                           ; 2 exit points
                                           ;has an exit
                                           ;; Starting pCode block
                                           _led3_on	;Function start
                                           ; 2 exit points
                                           ;	.line	332; "MC30P6280.c"	P1 &= ~(0x01 << 2);   // P12 输出低电平
000250   3d06     bclr    0x6, 0x2         	BCLR	_P1,2
                                           ;	.line	333; "MC30P6280.c"	DDR1 &= ~(0x01 << 2); // P12 输出模式
000251   3d46     bclr    0x46, 0x2        	BCLR	_DDR1,2
                                           ;	.line	335; "MC30P6280.c"	P1 |= (0x01 << 0);    // P10 输出高电平
000252   3806     bset    0x6, 0           	BSET	_P1,0
                                           ;	.line	336; "MC30P6280.c"	DDR1 &= ~(0x01 << 0); // P10 输出模式
000253   3c46     bclr    0x46, 0          	BCLR	_DDR1,0
                                           ;	.line	337; "MC30P6280.c"	}
000254   000c     return                   	RETURN	
                                           ; exit point of _led3_on
                                           
                                           ;***
                                           ;  pBlock Stats: dbName = C
                                           ;***
                                           ;entry:  _led2_on	;Function start
                                           ; 2 exit points
                                           ;has an exit
                                           ;; Starting pCode block
                                           _led2_on	;Function start
                                           ; 2 exit points
                                           ;	.line	319; "MC30P6280.c"	P1 &= ~(0x01 << 1);   // P11 输出低电平
000255   3c86     bclr    0x6, 0x1         	BCLR	_P1,1
                                           ;	.line	320; "MC30P6280.c"	DDR1 &= ~(0x01 << 1); // P11 输出模式
000256   3cc6     bclr    0x46, 0x1        	BCLR	_DDR1,1
                                           ;	.line	323; "MC30P6280.c"	P1 |= (0x01 << 0);    // P10 输出高电平
000257   3806     bset    0x6, 0           	BSET	_P1,0
                                           ;	.line	324; "MC30P6280.c"	DDR1 &= ~(0x01 << 0); // P10 输出模式
000258   3c46     bclr    0x46, 0          	BCLR	_DDR1,0
                                           ;	.line	325; "MC30P6280.c"	}
000259   000c     return                   	RETURN	
                                           ; exit point of _led2_on
                                           
                                           ;***
                                           ;  pBlock Stats: dbName = C
                                           ;***
                                           ;entry:  _led1_on	;Function start
                                           ; 2 exit points
                                           ;has an exit
                                           ;; Starting pCode block
                                           _led1_on	;Function start
                                           ; 2 exit points
                                           ;	.line	304; "MC30P6280.c"	P1 &= ~(0x01 << 0);
00025a   3c06     bclr    0x6, 0           	BCLR	_P1,0
                                           ;	.line	305; "MC30P6280.c"	DDR1 &= ~(0x01 << 0); // 输出模式
00025b   3c46     bclr    0x46, 0          	BCLR	_DDR1,0
                                           ;	.line	309; "MC30P6280.c"	P1 |= (0x01 << 1);    // P11 输出高电平
00025c   3886     bset    0x6, 0x1         	BSET	_P1,1
                                           ;	.line	310; "MC30P6280.c"	DDR1 &= ~(0x01 << 1); // P11 输出模式
00025d   3cc6     bclr    0x46, 0x1        	BCLR	_DDR1,1
                                           ;	.line	311; "MC30P6280.c"	}
00025e   000c     return                   	RETURN	
                                           ; exit point of _led1_on
                                           
                                           ;***
                                           ;  pBlock Stats: dbName = C
                                           ;***
                                           ;entry:  _led_all_off	;Function start
                                           ; 2 exit points
                                           ;has an exit
                                           ;; Starting pCode block
                                           _led_all_off	;Function start
                                           ; 2 exit points
                                           ;	.line	289; "MC30P6280.c"	PUCON |= (0x01 << 0 | 0x01 << 1 | 0x01 << 2);
00025f   0b07     movai   0x7              	MOVAI	0x07
000260   178d     orra    0xd              	ORRA	_PUCON
                                           ;	.line	294; "MC30P6280.c"	(0x01 << 2);  // P12
000261   0b07     movai   0x7              	MOVAI	0x07
000262   17c6     orra    0x46             	ORRA	_DDR1
                                           ;	.line	296; "MC30P6280.c"	}
000263   000c     return                   	RETURN	
                                           ; exit point of _led_all_off
                                           
                                           ;***
                                           ;  pBlock Stats: dbName = C
                                           ;***
                                           ;entry:  _pen_pwr_off	;Function start
                                           ; 2 exit points
                                           ;has an exit
                                           ;; Starting pCode block
                                           _pen_pwr_off	;Function start
                                           ; 2 exit points
                                           ;	.line	275; "MC30P6280.c"	PUCON |= (0x01 << 4); // 不使能上拉
000264   3a0d     bset    0xd, 0x4         	BSET	_PUCON,4
                                           ;	.line	276; "MC30P6280.c"	PDCON |= (0x01 << 4); // 不使能下拉
000265   3a0b     bset    0xb, 0x4         	BSET	_PDCON,4
                                           ;	.line	277; "MC30P6280.c"	DDR1 |= 0x01 << 4;    // P14 输入模式
000266   3a46     bset    0x46, 0x4        	BSET	_DDR1,4
                                           ;	.line	279; "MC30P6280.c"	}
000267   000c     return                   	RETURN	
                                           ; exit point of _pen_pwr_off
                                           
                                           ;***
                                           ;  pBlock Stats: dbName = C
                                           ;***
                                           ;entry:  _pen_pwr_on	;Function start
                                           ; 2 exit points
                                           ;has an exit
                                           ;; Starting pCode block
                                           _pen_pwr_on	;Function start
                                           ; 2 exit points
                                           ;	.line	266; "MC30P6280.c"	DDR1 &= ~(0x01 << 4); // 输出模式
000268   3e46     bclr    0x46, 0x4        	BCLR	_DDR1,4
                                           ;	.line	267; "MC30P6280.c"	P14D = 0;             // 输出低电平
000269   3e06     bclr    0x6, 0x4         	BCLR	_P1bits,4
                                           ;	.line	269; "MC30P6280.c"	}
00026a   000c     return                   	RETURN	
                                           ; exit point of _pen_pwr_on
                                           
                                           ;***
                                           ;  pBlock Stats: dbName = C
                                           ;***
                                           ;entry:  _user_init	;Function start
                                           ; 2 exit points
                                           ;has an exit
                                           ;functions called:
                                           ;   _timer0_init
                                           ;   _timer1_init
                                           ;   _delay_ms
                                           ;   _timer0_init
                                           ;   _timer1_init
                                           ;   _delay_ms
                                           ;3 compiler assigned registers:
                                           ;   STK02
                                           ;   STK01
                                           ;   STK00
                                           ;; Starting pCode block
                                           _user_init	;Function start
                                           ; 2 exit points
                                           ;	.line	236; "MC30P6280.c"	PUCON &= ~(0x01 << 0); // 上拉电阻 20K
00026b   3c0d     bclr    0xd, 0           	BCLR	_PUCON,0
                                           ;	.line	237; "MC30P6280.c"	DDR1 |= 0x01 << 0;     // 输入模式
00026c   3846     bset    0x46, 0          	BSET	_DDR1,0
                                           ;	.line	240; "MC30P6280.c"	DDR1 |= 0x01 << 4; // P14 输入模式
00026d   3a46     bset    0x46, 0x4        	BSET	_DDR1,4
                                           ;	.line	243; "MC30P6280.c"	DDR1 |= 0x01 << 5; // 输入模式
00026e   3ac6     bset    0x46, 0x5        	BSET	_DDR1,5
                                           ;	.line	246; "MC30P6280.c"	DDR1 |= 0x01 << 3;
00026f   39c6     bset    0x46, 0x3        	BSET	_DDR1,3
                                           ;	.line	248; "MC30P6280.c"	timer0_init();
000270   23d3     call    0x3d3            	CALL	_timer0_init
                                           ;	.line	249; "MC30P6280.c"	timer1_init();
000271   2001     call    0x1              	CALL	_timer1_init
                                           ;	.line	259; "MC30P6280.c"	delay_ms(1); // 等待系统稳定
000272   0b01     movai   0x1              	MOVAI	0x01
000273   1594     movra   0x14             	MOVRA	STK02
000274   0b00     movai   0                	MOVAI	0x00
000275   1595     movra   0x15             	MOVRA	STK01
000276   0b00     movai   0                	MOVAI	0x00
000277   1596     movra   0x16             	MOVRA	STK00
000278   0b00     movai   0                	MOVAI	0x00
000279   227b     call    0x27b            	CALL	_delay_ms
                                           ;	.line	260; "MC30P6280.c"	}
00027a   000c     return                   	RETURN	
                                           ; exit point of _user_init
                                           
                                           ;***
                                           ;  pBlock Stats: dbName = C
                                           ;***
                                           ;entry:  _delay_ms	;Function start
                                           ; 2 exit points
                                           ;has an exit
                                           ;11 compiler assigned registers:
                                           ;   r0x1019
                                           ;   STK00
                                           ;   r0x101A
                                           ;   STK01
                                           ;   r0x101B
                                           ;   STK02
                                           ;   r0x101C
                                           ;   r0x101D
                                           ;   r0x101E
                                           ;   r0x101F
                                           ;   r0x1020
                                           ;; Starting pCode block
                                           _delay_ms	;Function start
                                           ; 2 exit points
                                           ;	.line	220; "MC30P6280.c"	void delay_ms(u32 xms)
00027b   159b     movra   0x1b             	MOVRA	r0x1019
00027c   1616     movar   0x16             	MOVAR	STK00
00027d   159a     movra   0x1a             	MOVRA	r0x101A
00027e   1615     movar   0x15             	MOVAR	STK01
00027f   1599     movra   0x19             	MOVRA	r0x101B
000280   1614     movar   0x14             	MOVAR	STK02
000281   1598     movra   0x18             	MOVRA	r0x101C
                                           _00222_DS_
                                           ;	.line	222; "MC30P6280.c"	while (xms) {
000282   1618     movar   0x18             	MOVAR	r0x101C
000283   1719     orar    0x19             	ORAR	r0x101B
000284   171a     orar    0x1a             	ORAR	r0x101A
000285   171b     orar    0x1b             	ORAR	r0x1019
000286   3503     jbclr   0x3, 0x2         	JBCLR	STATUS,2
000287   2aa6     goto    0x2a6            	GOTO	_00225_DS_
                                           ;	.line	224; "MC30P6280.c"	while (i--) {
000288   0b13     movai   0x13             	MOVAI	0x13
000289   159c     movra   0x1c             	MOVRA	r0x101D
00028a   0b02     movai   0x2              	MOVAI	0x02
00028b   159d     movra   0x1d             	MOVRA	r0x101E
                                           _00219_DS_
00028c   161c     movar   0x1c             	MOVAR	r0x101D
00028d   159e     movra   0x1e             	MOVRA	r0x101F
00028e   161d     movar   0x1d             	MOVAR	r0x101E
00028f   159f     movra   0x1f             	MOVRA	r0x1020
000290   0bff     movai   0xff             	MOVAI	0xff
000291   1f9c     addra   0x1c             	ADDRA	r0x101D
000292   3003     jbset   0x3, 0           	JBSET	STATUS,0
000293   1b9d     decr    0x1d             	DECR	r0x101E
000294   161e     movar   0x1e             	MOVAR	r0x101F
000295   171f     orar    0x1f             	ORAR	r0x1020
000296   3503     jbclr   0x3, 0x2         	JBCLR	STATUS,2
000297   2a9a     goto    0x29a            	GOTO	_00221_DS_
                                           ;	.line	225; "MC30P6280.c"	Nop();
000298   0000     nop                      	nop	
000299   2a8c     goto    0x28c            	GOTO	_00219_DS_
                                           _00221_DS_
                                           ;	.line	227; "MC30P6280.c"	xms--;
00029a   0bff     movai   0xff             	MOVAI	0xff
00029b   1f98     addra   0x18             	ADDRA	r0x101C
00029c   0bff     movai   0xff             	MOVAI	0xff
00029d   3003     jbset   0x3, 0           	JBSET	STATUS,0
00029e   1f99     addra   0x19             	ADDRA	r0x101B
00029f   0bff     movai   0xff             	MOVAI	0xff
0002a0   3003     jbset   0x3, 0           	JBSET	STATUS,0
0002a1   1f9a     addra   0x1a             	ADDRA	r0x101A
0002a2   0bff     movai   0xff             	MOVAI	0xff
0002a3   3003     jbset   0x3, 0           	JBSET	STATUS,0
0002a4   1f9b     addra   0x1b             	ADDRA	r0x1019
0002a5   2a82     goto    0x282            	GOTO	_00222_DS_
                                           _00225_DS_
                                           ;	.line	229; "MC30P6280.c"	}
0002a6   000c     return                   	RETURN	
                                           ; exit point of _delay_ms
                                           
                                           ;***
                                           ;  pBlock Stats: dbName = C
                                           ;***
                                           ;entry:  _Sys_Init	;Function start
                                           ; 2 exit points
                                           ;has an exit
                                           ;functions called:
                                           ;   _C_RAM
                                           ;   _IO_Init
                                           ;   _C_RAM
                                           ;   _IO_Init
                                           ;; Starting pCode block
                                           _Sys_Init	;Function start
                                           ; 2 exit points
                                           ;	.line	212; "MC30P6280.c"	GIE = 0;
0002a7   3f8e     bclr    0xe, 0x7         	BCLR	_INTEbits,7
                                           ;	.line	213; "MC30P6280.c"	C_RAM();
0002a8   2367     call    0x367            	CALL	_C_RAM
                                           ;	.line	214; "MC30P6280.c"	IO_Init();
0002a9   235f     call    0x35f            	CALL	_IO_Init
                                           ;	.line	215; "MC30P6280.c"	GIE = 1;
0002aa   3b8e     bset    0xe, 0x7         	BSET	_INTEbits,7
                                           ;	.line	216; "MC30P6280.c"	}
0002ab   000c     return                   	RETURN	
                                           ; exit point of _Sys_Init
                                           
                                           ;***
                                           ;  pBlock Stats: dbName = C
                                           ;***
                                           ;entry:  _lvd_scan	;Function start
                                           ; 2 exit points
                                           ;has an exit
                                           ;1 compiler assigned register :
                                           ;   r0x1024
                                           ;; Starting pCode block
                                           _lvd_scan	;Function start
                                           ; 2 exit points
                                           ;	.line	94; "MC30P6280.c"	LVDEN = 1; // 使能 LVD
0002ac   3808     bset    0x8, 0           	BSET	_MCRbits,0
                                           ;	.line	96; "MC30P6280.c"	switch (cur_lvd_state) {
0002ad   1636     movar   0x36             	MOVAR	_cur_lvd_state
0002ae   1597     movra   0x17             	MOVRA	r0x1024
                                           ;;swapping arguments (AOP_TYPEs 1/2)
                                           ;;unsigned compare: left >= lit(0xF=15), size=1
0002af   0b0f     movai   0xf              	MOVAI	0x0f
0002b0   1217     rsubar  0x17             	RSUBAR	r0x1024
0002b1   3403     jbclr   0x3, 0           	JBCLR	STATUS,0
0002b2   2b1b     goto    0x31b            	GOTO	_00128_DS_
                                           ;;genSkipc:3291: created from rifx:013B5EFC
0002b3   0b02     movai   0x2              	MOVAI	HIGH(_00201_DS_)
0002b4   158a     movra   0xa              	MOVRA	PCLATH
0002b5   0bba     movai   0xba             	MOVAI	_00201_DS_
0002b6   1f17     addar   0x17             	ADDAR	r0x1024
0002b7   3403     jbclr   0x3, 0           	JBCLR	STATUS,0
0002b8   198a     incr    0xa              	INCR	PCLATH
0002b9   1582     movra   0x2              	MOVRA	PCL
                                           _00201_DS_
0002ba   2ac9     goto    0x2c9            	GOTO	_00114_DS_
0002bb   2afa     goto    0x2fa            	GOTO	_00121_DS_
0002bc   2ad0     goto    0x2d0            	GOTO	_00115_DS_
0002bd   2aff     goto    0x2ff            	GOTO	_00122_DS_
0002be   2ad7     goto    0x2d7            	GOTO	_00116_DS_
0002bf   2b04     goto    0x304            	GOTO	_00123_DS_
0002c0   2ade     goto    0x2de            	GOTO	_00117_DS_
0002c1   2b09     goto    0x309            	GOTO	_00124_DS_
0002c2   2ae5     goto    0x2e5            	GOTO	_00118_DS_
0002c3   2b0e     goto    0x30e            	GOTO	_00125_DS_
0002c4   2aec     goto    0x2ec            	GOTO	_00119_DS_
0002c5   2b13     goto    0x313            	GOTO	_00126_DS_
0002c6   2af3     goto    0x2f3            	GOTO	_00120_DS_
0002c7   2b18     goto    0x318            	GOTO	_00127_DS_
0002c8   2ac9     goto    0x2c9            	GOTO	_00114_DS_
                                           _00114_DS_
                                           ;	.line	100; "MC30P6280.c"	MCR &= ~MCR_LVD_CFG_ALL;
0002c9   0be1     movai   0xe1             	MOVAI	0xe1
0002ca   1e88     andra   0x8              	ANDRA	_MCR
                                           ;	.line	101; "MC30P6280.c"	MCR |= MCR_LVD_CFG_4V2;
0002cb   0b1e     movai   0x1e             	MOVAI	0x1e
0002cc   1788     orra    0x8              	ORRA	_MCR
                                           ;	.line	102; "MC30P6280.c"	cur_lvd_state = LVD_LEV_4V2_SWITCHING;
0002cd   0b01     movai   0x1              	MOVAI	0x01
0002ce   15b6     movra   0x36             	MOVRA	_cur_lvd_state
                                           ;	.line	103; "MC30P6280.c"	break;
0002cf   2b1b     goto    0x31b            	GOTO	_00128_DS_
                                           _00115_DS_
                                           ;	.line	105; "MC30P6280.c"	MCR &= ~MCR_LVD_CFG_ALL;
0002d0   0be1     movai   0xe1             	MOVAI	0xe1
0002d1   1e88     andra   0x8              	ANDRA	_MCR
                                           ;	.line	106; "MC30P6280.c"	MCR |= MCR_LVD_CFG_4V0;
0002d2   0b1c     movai   0x1c             	MOVAI	0x1c
0002d3   1788     orra    0x8              	ORRA	_MCR
                                           ;	.line	107; "MC30P6280.c"	cur_lvd_state = LVD_LEV_4V0_SWITCHING;
0002d4   0b03     movai   0x3              	MOVAI	0x03
0002d5   15b6     movra   0x36             	MOVRA	_cur_lvd_state
                                           ;	.line	108; "MC30P6280.c"	break;
0002d6   2b1b     goto    0x31b            	GOTO	_00128_DS_
                                           _00116_DS_
                                           ;	.line	110; "MC30P6280.c"	MCR &= ~MCR_LVD_CFG_ALL;
0002d7   0be1     movai   0xe1             	MOVAI	0xe1
0002d8   1e88     andra   0x8              	ANDRA	_MCR
                                           ;	.line	111; "MC30P6280.c"	MCR |= MCR_LVD_CFG_3V6;
0002d9   0b1a     movai   0x1a             	MOVAI	0x1a
0002da   1788     orra    0x8              	ORRA	_MCR
                                           ;	.line	112; "MC30P6280.c"	cur_lvd_state = LVD_LEV_3V6_SWITCHING;
0002db   0b05     movai   0x5              	MOVAI	0x05
0002dc   15b6     movra   0x36             	MOVRA	_cur_lvd_state
                                           ;	.line	113; "MC30P6280.c"	break;
0002dd   2b1b     goto    0x31b            	GOTO	_00128_DS_
                                           _00117_DS_
                                           ;	.line	115; "MC30P6280.c"	MCR &= ~MCR_LVD_CFG_ALL;
0002de   0be1     movai   0xe1             	MOVAI	0xe1
0002df   1e88     andra   0x8              	ANDRA	_MCR
                                           ;	.line	116; "MC30P6280.c"	MCR |= MCR_LVD_CFG_3V3;
0002e0   0b18     movai   0x18             	MOVAI	0x18
0002e1   1788     orra    0x8              	ORRA	_MCR
                                           ;	.line	117; "MC30P6280.c"	cur_lvd_state = LVD_LEV_3V3_SWITCHING;
0002e2   0b07     movai   0x7              	MOVAI	0x07
0002e3   15b6     movra   0x36             	MOVRA	_cur_lvd_state
                                           ;	.line	118; "MC30P6280.c"	break;
0002e4   2b1b     goto    0x31b            	GOTO	_00128_DS_
                                           _00118_DS_
                                           ;	.line	120; "MC30P6280.c"	MCR &= ~MCR_LVD_CFG_ALL;
0002e5   0be1     movai   0xe1             	MOVAI	0xe1
0002e6   1e88     andra   0x8              	ANDRA	_MCR
                                           ;	.line	121; "MC30P6280.c"	MCR |= MCR_LVD_CFG_3V2;
0002e7   0b16     movai   0x16             	MOVAI	0x16
0002e8   1788     orra    0x8              	ORRA	_MCR
                                           ;	.line	122; "MC30P6280.c"	cur_lvd_state = LVD_LEV_3V2_SWITCHING;
0002e9   0b09     movai   0x9              	MOVAI	0x09
0002ea   15b6     movra   0x36             	MOVRA	_cur_lvd_state
                                           ;	.line	123; "MC30P6280.c"	break;
0002eb   2b1b     goto    0x31b            	GOTO	_00128_DS_
                                           _00119_DS_
                                           ;	.line	125; "MC30P6280.c"	MCR &= ~MCR_LVD_CFG_ALL;
0002ec   0be1     movai   0xe1             	MOVAI	0xe1
0002ed   1e88     andra   0x8              	ANDRA	_MCR
                                           ;	.line	126; "MC30P6280.c"	MCR |= MCR_LVD_CFG_3V0;
0002ee   0b14     movai   0x14             	MOVAI	0x14
0002ef   1788     orra    0x8              	ORRA	_MCR
                                           ;	.line	127; "MC30P6280.c"	cur_lvd_state = LVD_LEV_3V0_SWITCHING;
0002f0   0b0b     movai   0xb              	MOVAI	0x0b
0002f1   15b6     movra   0x36             	MOVRA	_cur_lvd_state
                                           ;	.line	128; "MC30P6280.c"	break;
0002f2   2b1b     goto    0x31b            	GOTO	_00128_DS_
                                           _00120_DS_
                                           ;	.line	130; "MC30P6280.c"	MCR &= ~MCR_LVD_CFG_ALL;
0002f3   0be1     movai   0xe1             	MOVAI	0xe1
0002f4   1e88     andra   0x8              	ANDRA	_MCR
                                           ;	.line	131; "MC30P6280.c"	MCR |= MCR_LVD_CFG_2V9;
0002f5   0b12     movai   0x12             	MOVAI	0x12
0002f6   1788     orra    0x8              	ORRA	_MCR
                                           ;	.line	132; "MC30P6280.c"	cur_lvd_state = LVD_LEV_2V9_SWITCHING;
0002f7   0b0d     movai   0xd              	MOVAI	0x0d
0002f8   15b6     movra   0x36             	MOVRA	_cur_lvd_state
                                           ;	.line	133; "MC30P6280.c"	break;
0002f9   2b1b     goto    0x31b            	GOTO	_00128_DS_
                                           _00121_DS_
                                           ;	.line	136; "MC30P6280.c"	cur_lvd_state = LVD_LEV_4V2;
0002fa   0b02     movai   0x2              	MOVAI	0x02
0002fb   15b6     movra   0x36             	MOVRA	_cur_lvd_state
                                           ;	.line	137; "MC30P6280.c"	cur_cmp_bat_lev = BAT_LEV_4V2;
0002fc   0b06     movai   0x6              	MOVAI	0x06
0002fd   15b0     movra   0x30             	MOVRA	_cur_cmp_bat_lev
                                           ;	.line	138; "MC30P6280.c"	break;
0002fe   2b1b     goto    0x31b            	GOTO	_00128_DS_
                                           _00122_DS_
                                           ;	.line	140; "MC30P6280.c"	cur_lvd_state = LVD_LEV_4V0;
0002ff   0b04     movai   0x4              	MOVAI	0x04
000300   15b6     movra   0x36             	MOVRA	_cur_lvd_state
                                           ;	.line	141; "MC30P6280.c"	cur_cmp_bat_lev = BAT_LEV_4V0;
000301   0b05     movai   0x5              	MOVAI	0x05
000302   15b0     movra   0x30             	MOVRA	_cur_cmp_bat_lev
                                           ;	.line	142; "MC30P6280.c"	break;
000303   2b1b     goto    0x31b            	GOTO	_00128_DS_
                                           _00123_DS_
                                           ;	.line	144; "MC30P6280.c"	cur_lvd_state = LVD_LEV_3V6;
000304   0b06     movai   0x6              	MOVAI	0x06
000305   15b6     movra   0x36             	MOVRA	_cur_lvd_state
                                           ;	.line	145; "MC30P6280.c"	cur_cmp_bat_lev = BAT_LEV_3V6;
000306   0b04     movai   0x4              	MOVAI	0x04
000307   15b0     movra   0x30             	MOVRA	_cur_cmp_bat_lev
                                           ;	.line	146; "MC30P6280.c"	break;
000308   2b1b     goto    0x31b            	GOTO	_00128_DS_
                                           _00124_DS_
                                           ;	.line	148; "MC30P6280.c"	cur_lvd_state = LVD_LEV_3V3;
000309   0b08     movai   0x8              	MOVAI	0x08
00030a   15b6     movra   0x36             	MOVRA	_cur_lvd_state
                                           ;	.line	149; "MC30P6280.c"	cur_cmp_bat_lev = BAT_LEV_3V3;
00030b   0b03     movai   0x3              	MOVAI	0x03
00030c   15b0     movra   0x30             	MOVRA	_cur_cmp_bat_lev
                                           ;	.line	150; "MC30P6280.c"	break;
00030d   2b1b     goto    0x31b            	GOTO	_00128_DS_
                                           _00125_DS_
                                           ;	.line	152; "MC30P6280.c"	cur_lvd_state = LVD_LEV_3V2;
00030e   0b0a     movai   0xa              	MOVAI	0x0a
00030f   15b6     movra   0x36             	MOVRA	_cur_lvd_state
                                           ;	.line	153; "MC30P6280.c"	cur_cmp_bat_lev = BAT_LEV_3V2;
000310   0b02     movai   0x2              	MOVAI	0x02
000311   15b0     movra   0x30             	MOVRA	_cur_cmp_bat_lev
                                           ;	.line	154; "MC30P6280.c"	break;
000312   2b1b     goto    0x31b            	GOTO	_00128_DS_
                                           _00126_DS_
                                           ;	.line	156; "MC30P6280.c"	cur_lvd_state = LVD_LEV_3V0;
000313   0b0c     movai   0xc              	MOVAI	0x0c
000314   15b6     movra   0x36             	MOVRA	_cur_lvd_state
                                           ;	.line	157; "MC30P6280.c"	cur_cmp_bat_lev = BAT_LEV_3V0;
000315   0b01     movai   0x1              	MOVAI	0x01
000316   15b0     movra   0x30             	MOVRA	_cur_cmp_bat_lev
                                           ;	.line	158; "MC30P6280.c"	break;
000317   2b1b     goto    0x31b            	GOTO	_00128_DS_
                                           _00127_DS_
                                           ;	.line	160; "MC30P6280.c"	cur_lvd_state = LVD_LEV_2V9;
000318   0b0e     movai   0xe              	MOVAI	0x0e
000319   15b6     movra   0x36             	MOVRA	_cur_lvd_state
                                           ;	.line	161; "MC30P6280.c"	cur_cmp_bat_lev = BAT_LEV_2V9;
00031a   1db0     clrr    0x30             	CLRR	_cur_cmp_bat_lev
                                           _00128_DS_
                                           ;	.line	165; "MC30P6280.c"	if (cur_lvd_state == LVD_LEV_4V2 || cur_lvd_state == LVD_LEV_4V0 ||
00031b   1636     movar   0x36             	MOVAR	_cur_lvd_state
00031c   0802     xorai   0x2              	XORAI	0x02
00031d   3103     jbset   0x3, 0x2         	JBSET	STATUS,2
00031e   2b20     goto    0x320            	GOTO	_00202_DS_
00031f   2b3d     goto    0x33d            	GOTO	_00142_DS_
                                           _00202_DS_
000320   1636     movar   0x36             	MOVAR	_cur_lvd_state
000321   0804     xorai   0x4              	XORAI	0x04
000322   3103     jbset   0x3, 0x2         	JBSET	STATUS,2
000323   2b25     goto    0x325            	GOTO	_00203_DS_
000324   2b3d     goto    0x33d            	GOTO	_00142_DS_
                                           _00203_DS_
                                           ;	.line	166; "MC30P6280.c"	cur_lvd_state == LVD_LEV_3V6 || cur_lvd_state == LVD_LEV_3V3 ||
000325   1636     movar   0x36             	MOVAR	_cur_lvd_state
000326   0806     xorai   0x6              	XORAI	0x06
000327   3103     jbset   0x3, 0x2         	JBSET	STATUS,2
000328   2b2a     goto    0x32a            	GOTO	_00204_DS_
000329   2b3d     goto    0x33d            	GOTO	_00142_DS_
                                           _00204_DS_
00032a   1636     movar   0x36             	MOVAR	_cur_lvd_state
00032b   0808     xorai   0x8              	XORAI	0x08
00032c   3103     jbset   0x3, 0x2         	JBSET	STATUS,2
00032d   2b2f     goto    0x32f            	GOTO	_00205_DS_
00032e   2b3d     goto    0x33d            	GOTO	_00142_DS_
                                           _00205_DS_
                                           ;	.line	167; "MC30P6280.c"	cur_lvd_state == LVD_LEV_3V2 || cur_lvd_state == LVD_LEV_3V0 ||
00032f   1636     movar   0x36             	MOVAR	_cur_lvd_state
000330   080a     xorai   0xa              	XORAI	0x0a
000331   3103     jbset   0x3, 0x2         	JBSET	STATUS,2
000332   2b34     goto    0x334            	GOTO	_00206_DS_
000333   2b3d     goto    0x33d            	GOTO	_00142_DS_
                                           _00206_DS_
000334   1636     movar   0x36             	MOVAR	_cur_lvd_state
000335   080c     xorai   0xc              	XORAI	0x0c
000336   3103     jbset   0x3, 0x2         	JBSET	STATUS,2
000337   2b39     goto    0x339            	GOTO	_00207_DS_
000338   2b3d     goto    0x33d            	GOTO	_00142_DS_
                                           _00207_DS_
                                           ;	.line	168; "MC30P6280.c"	cur_lvd_state == LVD_LEV_2V9) {
000339   1636     movar   0x36             	MOVAR	_cur_lvd_state
00033a   080e     xorai   0xe              	XORAI	0x0e
00033b   3103     jbset   0x3, 0x2         	JBSET	STATUS,2
00033c   2b5e     goto    0x35e            	GOTO	_00150_DS_
                                           _00142_DS_
                                           ;	.line	169; "MC30P6280.c"	if (LVDF) {
00033d   3288     jbset   0x8, 0x5         	JBSET	_MCRbits,5
00033e   2b4e     goto    0x34e            	GOTO	_00140_DS_
                                           ;	.line	175; "MC30P6280.c"	if (tmp_bat_lev >= cur_cmp_bat_lev) {
00033f   1630     movar   0x30             	MOVAR	_cur_cmp_bat_lev
000340   1231     rsubar  0x31             	RSUBAR	_tmp_bat_lev
000341   3003     jbset   0x3, 0           	JBSET	STATUS,0
000342   2b5e     goto    0x35e            	GOTO	_00150_DS_
                                           ;;genSkipc:3291: created from rifx:013B5EFC
                                           ;	.line	177; "MC30P6280.c"	if (cur_cmp_bat_lev != BAT_LEV_2V9) {
000343   0b00     movai   0                	MOVAI	0x00
000344   1730     orar    0x30             	ORAR	_cur_cmp_bat_lev
000345   3503     jbclr   0x3, 0x2         	JBCLR	STATUS,2
000346   2b4c     goto    0x34c            	GOTO	_00130_DS_
                                           ;	.line	178; "MC30P6280.c"	tmp_bat_lev -= 1;
000347   1631     movar   0x31             	MOVAR	_tmp_bat_lev
000348   1597     movra   0x17             	MOVRA	r0x1024
000349   1b17     decar   0x17             	DECAR	r0x1024
00034a   15b1     movra   0x31             	MOVRA	_tmp_bat_lev
00034b   2b5e     goto    0x35e            	GOTO	_00150_DS_
                                           _00130_DS_
                                           ;	.line	180; "MC30P6280.c"	tmp_bat_lev = BAT_LEV_2V9;
00034c   1db1     clrr    0x31             	CLRR	_tmp_bat_lev
00034d   2b5e     goto    0x35e            	GOTO	_00150_DS_
                                           _00140_DS_
                                           ;	.line	192; "MC30P6280.c"	if (tmp_bat_lev < cur_cmp_bat_lev) {
00034e   1630     movar   0x30             	MOVAR	_cur_cmp_bat_lev
00034f   1231     rsubar  0x31             	RSUBAR	_tmp_bat_lev
000350   3403     jbclr   0x3, 0           	JBCLR	STATUS,0
000351   2b5e     goto    0x35e            	GOTO	_00150_DS_
                                           ;;genSkipc:3291: created from rifx:013B5EFC
                                           ;	.line	194; "MC30P6280.c"	if (cur_cmp_bat_lev != BAT_LEV_4V2) {
000352   1630     movar   0x30             	MOVAR	_cur_cmp_bat_lev
000353   0806     xorai   0x6              	XORAI	0x06
000354   3103     jbset   0x3, 0x2         	JBSET	STATUS,2
000355   2b57     goto    0x357            	GOTO	_00210_DS_
000356   2b5c     goto    0x35c            	GOTO	_00135_DS_
                                           _00210_DS_
                                           ;	.line	195; "MC30P6280.c"	tmp_bat_lev += 1;
000357   1631     movar   0x31             	MOVAR	_tmp_bat_lev
000358   1597     movra   0x17             	MOVRA	r0x1024
000359   1917     incar   0x17             	INCAR	r0x1024
00035a   15b1     movra   0x31             	MOVRA	_tmp_bat_lev
00035b   2b5e     goto    0x35e            	GOTO	_00150_DS_
                                           _00135_DS_
                                           ;	.line	197; "MC30P6280.c"	tmp_bat_lev = BAT_LEV_4V2;
00035c   0b06     movai   0x6              	MOVAI	0x06
00035d   15b1     movra   0x31             	MOVRA	_tmp_bat_lev
                                           _00150_DS_
                                           ;	.line	202; "MC30P6280.c"	}
00035e   000c     return                   	RETURN	
                                           ; exit point of _lvd_scan
                                           
                                           ;***
                                           ;  pBlock Stats: dbName = C
                                           ;***
                                           ;entry:  _IO_Init	;Function start
                                           ; 2 exit points
                                           ;has an exit
                                           ;; Starting pCode block
                                           _IO_Init	;Function start
                                           ; 2 exit points
                                           ;	.line	81; "MC30P6280.c"	P1 = 0x00;    // 1:input 0:output
00035f   1d86     clrr    0x6              	CLRR	_P1
                                           ;	.line	82; "MC30P6280.c"	DDR1 = 0x00;  // 1:input 0:output
000360   1dc6     clrr    0x46             	CLRR	_DDR1
                                           ;	.line	83; "MC30P6280.c"	PUCON = 0xff; // 0:Effective 1:invalid
000361   0bff     movai   0xff             	MOVAI	0xff
000362   158d     movra   0xd              	MOVRA	_PUCON
                                           ;	.line	84; "MC30P6280.c"	PDCON = 0xff; // 0:Effective 1:invalid
000363   0bff     movai   0xff             	MOVAI	0xff
000364   158b     movra   0xb              	MOVRA	_PDCON
                                           ;	.line	85; "MC30P6280.c"	ODCON = 0x00; // 0:推挽输出  1:开漏输出
000365   1d8c     clrr    0xc              	CLRR	_ODCON
                                           ;	.line	86; "MC30P6280.c"	}
000366   000c     return                   	RETURN	
                                           ; exit point of _IO_Init
                                           
                                           ;***
                                           ;  pBlock Stats: dbName = C
                                           ;***
                                           ;entry:  _C_RAM	;Function start
                                           ; 2 exit points
                                           ;has an exit
                                           ;; Starting pCode block
                                           _C_RAM	;Function start
                                           ; 2 exit points
                                           ;	.line	70; "MC30P6280.c"	__endasm;
                                           	;
000367   0b3f     movai   0x3f             	movai	0x3F;
000368   1584     movra   0x4              	movra	FSR;
000369   0b2f     movai   0x2f             	movai	47;
00036a   15bf     movra   0x3f             	movra	0x3F;
00036b   1b84     decr    0x4              	decr	FSR;
00036c   1d80     clrr    0                	clrr	INDF;
00036d   1abf     djzr    0x3f             	djzr	0x3F;
00036e   2b6b     goto    0x36b            	goto	$ - 3;
00036f   1dbf     clrr    0x3f             	clrr	0x3F;
                                           	
                                           ;	.line	71; "MC30P6280.c"	}
000370   000c     return                   	RETURN	
                                           ; exit point of _C_RAM
                                           
                                           
                                           ;	code size estimation:
                                           ;	  853+    0 =   853 instructions ( 1706 byte)
                                           
                                           	end
                                           ;--------------------------------------------------------
                                           ; File Created by SN-SDCC : SinoMCU ANSI-C Compiler
                                           ; Version 2.0.0 (Dec 11 2019) (MINGW32)
                                           ; This file was generated Mon May 18 17:29:23 2026
                                           ;--------------------------------------------------------
                                           ; MC30 port for the RISC core
                                           ;--------------------------------------------------------
                                           ;	.file	"timer0.c"
                                           	list	p=1K6280
                                           	radix dec
                                           	include "1K6280.inc"
                                           		LIST
                                           ;mc30p6280.inc    Standard Header File, Version 1.00 by Sinomcu
                                           		NOLIST
                                           ;--------------------------------------------------------
                                           ; external declarations
                                           ;--------------------------------------------------------
                                           	extern	_C_RAM
                                           	extern	_IO_Init
                                           	extern	_LVD_Init
                                           	extern	_Sys_Init
                                           	extern	_user_init
                                           	extern	_led_all_off
                                           	extern	_led1_on
                                           	extern	_led2_on
                                           	extern	_led3_on
                                           	extern	_led4_on
                                           	extern	_led_status_handle
                                           	extern	_led_refresh
                                           	extern	_key_scan
                                           	extern	_lvd_scan
                                           	extern	_timer1_init
                                           	extern	_INDFbits
                                           	extern	_T0CNTbits
                                           	extern	_PCLbits
                                           	extern	_STATUSbits
                                           	extern	_FSRbits
                                           	extern	_P1bits
                                           	extern	_MCRbits
                                           	extern	_P1KBCRbits
                                           	extern	_PCLATHbits
                                           	extern	_PDCONbits
                                           	extern	_ODCONbits
                                           	extern	_PUCONbits
                                           	extern	_INTEbits
                                           	extern	_INTFbits
                                           	extern	_T0CRbits
                                           	extern	_DDR1bits
                                           	extern	_TMRCRbits
                                           	extern	_T1CRbits
                                           	extern	_T1CNTbits
                                           	extern	_T1LOADbits
                                           	extern	_T1DATAbits
                                           	extern	_abuf
                                           	extern	_statusbuf
                                           	extern	_flag1
                                           	extern	_INDF
                                           	extern	_T0CNT
                                           	extern	_PCL
                                           	extern	_STATUS
                                           	extern	_FSR
                                           	extern	_P1
                                           	extern	_MCR
                                           	extern	_P1KBCR
                                           	extern	_PCLATH
                                           	extern	_PDCON
                                           	extern	_ODCON
                                           	extern	_PUCON
                                           	extern	_INTE
                                           	extern	_INTF
                                           	extern	_T0CR
                                           	extern	_DDR1
                                           	extern	_TMRCR
                                           	extern	_T1CR
                                           	extern	_T1CNT
                                           	extern	_T1LOAD
                                           	extern	_T1DATA
                                           
                                           	extern STK06
                                           	extern STK05
                                           	extern STK04
                                           	extern STK03
                                           	extern STK02
                                           	extern STK01
                                           	extern STK00
                                           ;--------------------------------------------------------
                                           ; global declarations
                                           ;--------------------------------------------------------
                                           	global	_timer0_init
                                           
                                           ;--------------------------------------------------------
                                           ; global definitions
                                           ;--------------------------------------------------------
                                           ;--------------------------------------------------------
                                           ; absolute symbol definitions
                                           ;--------------------------------------------------------
                                           ;--------------------------------------------------------
                                           ; compiler-defined variables
                                           ;--------------------------------------------------------
                                           ;--------------------------------------------------------
                                           ; initialized data
                                           ;--------------------------------------------------------
                                           
                                           ;@Allocation info for local variables in function 'timer0_init'
                                           ;@timer0_init C_RAM                     Allocated to registers ;size:2
                                           ;@timer0_init IO_Init                   Allocated to registers ;size:2
                                           ;@timer0_init LVD_Init                  Allocated to registers ;size:2
                                           ;@timer0_init Sys_Init                  Allocated to registers ;size:2
                                           ;@timer0_init user_init                 Allocated to registers ;size:2
                                           ;@timer0_init led_all_off               Allocated to registers ;size:2
                                           ;@timer0_init led1_on                   Allocated to registers ;size:2
                                           ;@timer0_init led2_on                   Allocated to registers ;size:2
                                           ;@timer0_init led3_on                   Allocated to registers ;size:2
                                           ;@timer0_init led4_on                   Allocated to registers ;size:2
                                           ;@timer0_init led_status_handle         Allocated to registers ;size:2
                                           ;@timer0_init led_refresh               Allocated to registers ;size:2
                                           ;@timer0_init key_scan                  Allocated to registers ;size:2
                                           ;@timer0_init lvd_scan                  Allocated to registers ;size:2
                                           ;@timer0_init timer1_init               Allocated to registers ;size:2
                                           ;@timer0_init INDFbits                  Allocated to registers ;size:1
                                           ;@timer0_init T0CNTbits                 Allocated to registers ;size:1
                                           ;@timer0_init PCLbits                   Allocated to registers ;size:1
                                           ;@timer0_init STATUSbits                Allocated to registers ;size:1
                                           ;@timer0_init FSRbits                   Allocated to registers ;size:1
                                           ;@timer0_init P1bits                    Allocated to registers ;size:1
                                           ;@timer0_init MCRbits                   Allocated to registers ;size:1
                                           ;@timer0_init P1KBCRbits                Allocated to registers ;size:1
                                           ;@timer0_init PCLATHbits                Allocated to registers ;size:1
                                           ;@timer0_init PDCONbits                 Allocated to registers ;size:1
                                           ;@timer0_init ODCONbits                 Allocated to registers ;size:1
                                           ;@timer0_init PUCONbits                 Allocated to registers ;size:1
                                           ;@timer0_init INTEbits                  Allocated to registers ;size:1
                                           ;@timer0_init INTFbits                  Allocated to registers ;size:1
                                           ;@timer0_init T0CRbits                  Allocated to registers ;size:1
                                           ;@timer0_init DDR1bits                  Allocated to registers ;size:1
                                           ;@timer0_init TMRCRbits                 Allocated to registers ;size:1
                                           ;@timer0_init T1CRbits                  Allocated to registers ;size:1
                                           ;@timer0_init T1CNTbits                 Allocated to registers ;size:1
                                           ;@timer0_init T1LOADbits                Allocated to registers ;size:1
                                           ;@timer0_init T1DATAbits                Allocated to registers ;size:1
                                           ;@timer0_init abuf                      Allocated to registers ;size:1
                                           ;@timer0_init statusbuf                 Allocated to registers ;size:1
                                           ;@timer0_init flag1                     Allocated to registers ;size:1
                                           ;@timer0_init INDF                      Allocated to registers ;size:1
                                           ;@timer0_init T0CNT                     Allocated to registers ;size:1
                                           ;@timer0_init PCL                       Allocated to registers ;size:1
                                           ;@timer0_init STATUS                    Allocated to registers ;size:1
                                           ;@timer0_init FSR                       Allocated to registers ;size:1
                                           ;@timer0_init P1                        Allocated to registers ;size:1
                                           ;@timer0_init MCR                       Allocated to registers ;size:1
                                           ;@timer0_init P1KBCR                    Allocated to registers ;size:1
                                           ;@timer0_init PCLATH                    Allocated to registers ;size:1
                                           ;@timer0_init PDCON                     Allocated to registers ;size:1
                                           ;@timer0_init ODCON                     Allocated to registers ;size:1
                                           ;@timer0_init PUCON                     Allocated to registers ;size:1
                                           ;@timer0_init INTE                      Allocated to registers ;size:1
                                           ;@timer0_init INTF                      Allocated to registers ;size:1
                                           ;@timer0_init T0CR                      Allocated to registers ;size:1
                                           ;@timer0_init DDR1                      Allocated to registers ;size:1
                                           ;@timer0_init TMRCR                     Allocated to registers ;size:1
                                           ;@timer0_init T1CR                      Allocated to registers ;size:1
                                           ;@timer0_init T1CNT                     Allocated to registers ;size:1
                                           ;@timer0_init T1LOAD                    Allocated to registers ;size:1
                                           ;@timer0_init T1DATA                    Allocated to registers ;size:1
                                           ;@end Allocation info for local variables in function 'timer0_init';
                                           
                                           ;--------------------------------------------------------
                                           ; overlayable items in internal ram 
                                           ;--------------------------------------------------------
                                           ;	udata_ovr
                                           ;--------------------------------------------------------
                                           ; code
                                           ;--------------------------------------------------------
                                           code_timer0	code
                                           ;***
                                           ;  pBlock Stats: dbName = C
                                           ;***
                                           ;entry:  _timer0_init	;Function start
                                           ; 2 exit points
                                           ;has an exit
                                           ;; Starting pCode block
                                           _timer0_init	;Function start
                                           ; 2 exit points
                                           ;	.line	16; "timer0.c"	T0CR = 0x05; // 时钟为CPU时钟，定时器 64 分频
0003d3   0b05     movai   0x5              	MOVAI	0x05
0003d4   15c1     movra   0x41             	MOVRA	_T0CR
                                           ;	.line	17; "timer0.c"	T0CNT = (u8)(255 - 125);
0003d5   0b82     movai   0x82             	MOVAI	0x82
0003d6   1581     movra   0x1              	MOVRA	_T0CNT
                                           ;	.line	18; "timer0.c"	T0IE = 1;
0003d7   380e     bset    0xe, 0           	BSET	_INTEbits,0
                                           ;	.line	19; "timer0.c"	}
0003d8   000c     return                   	RETURN	
                                           ; exit point of _timer0_init
                                           
                                           
                                           ;	code size estimation:
                                           ;	    6+    0 =     6 instructions (   12 byte)
                                           
                                           	end
                                           ;--------------------------------------------------------
                                           ; File Created by SN-SDCC : SinoMCU ANSI-C Compiler
                                           ; Version 2.0.0 (Dec 11 2019) (MINGW32)
                                           ; This file was generated Mon May 18 17:29:23 2026
                                           ;--------------------------------------------------------
                                           ; MC30 port for the RISC core
                                           ;--------------------------------------------------------
                                           ;	.file	"timer1.c"
                                           	list	p=1K6280
                                           	radix dec
                                           	include "1K6280.inc"
                                           		LIST
                                           ;mc30p6280.inc    Standard Header File, Version 1.00 by Sinomcu
                                           		NOLIST
                                           ;--------------------------------------------------------
                                           ; external declarations
                                           ;--------------------------------------------------------
                                           	extern	_C_RAM
                                           	extern	_IO_Init
                                           	extern	_LVD_Init
                                           	extern	_Sys_Init
                                           	extern	_user_init
                                           	extern	_led_all_off
                                           	extern	_led1_on
                                           	extern	_led2_on
                                           	extern	_led3_on
                                           	extern	_led4_on
                                           	extern	_led_status_handle
                                           	extern	_led_refresh
                                           	extern	_key_scan
                                           	extern	_lvd_scan
                                           	extern	_timer0_init
                                           	extern	_INDFbits
                                           	extern	_T0CNTbits
                                           	extern	_PCLbits
                                           	extern	_STATUSbits
                                           	extern	_FSRbits
                                           	extern	_P1bits
                                           	extern	_MCRbits
                                           	extern	_P1KBCRbits
                                           	extern	_PCLATHbits
                                           	extern	_PDCONbits
                                           	extern	_ODCONbits
                                           	extern	_PUCONbits
                                           	extern	_INTEbits
                                           	extern	_INTFbits
                                           	extern	_T0CRbits
                                           	extern	_DDR1bits
                                           	extern	_TMRCRbits
                                           	extern	_T1CRbits
                                           	extern	_T1CNTbits
                                           	extern	_T1LOADbits
                                           	extern	_T1DATAbits
                                           	extern	_abuf
                                           	extern	_statusbuf
                                           	extern	_flag1
                                           	extern	_INDF
                                           	extern	_T0CNT
                                           	extern	_PCL
                                           	extern	_STATUS
                                           	extern	_FSR
                                           	extern	_P1
                                           	extern	_MCR
                                           	extern	_P1KBCR
                                           	extern	_PCLATH
                                           	extern	_PDCON
                                           	extern	_ODCON
                                           	extern	_PUCON
                                           	extern	_INTE
                                           	extern	_INTF
                                           	extern	_T0CR
                                           	extern	_DDR1
                                           	extern	_TMRCR
                                           	extern	_T1CR
                                           	extern	_T1CNT
                                           	extern	_T1LOAD
                                           	extern	_T1DATA
                                           
                                           	extern STK06
                                           	extern STK05
                                           	extern STK04
                                           	extern STK03
                                           	extern STK02
                                           	extern STK01
                                           	extern STK00
                                           ;--------------------------------------------------------
                                           ; global declarations
                                           ;--------------------------------------------------------
                                           	global	_timer1_init
                                           
                                           ;--------------------------------------------------------
                                           ; global definitions
                                           ;--------------------------------------------------------
                                           ;--------------------------------------------------------
                                           ; absolute symbol definitions
                                           ;--------------------------------------------------------
                                           ;--------------------------------------------------------
                                           ; compiler-defined variables
                                           ;--------------------------------------------------------
                                           ;--------------------------------------------------------
                                           ; initialized data
                                           ;--------------------------------------------------------
                                           
                                           ;@Allocation info for local variables in function 'timer1_init'
                                           ;@timer1_init C_RAM                     Allocated to registers ;size:2
                                           ;@timer1_init IO_Init                   Allocated to registers ;size:2
                                           ;@timer1_init LVD_Init                  Allocated to registers ;size:2
                                           ;@timer1_init Sys_Init                  Allocated to registers ;size:2
                                           ;@timer1_init user_init                 Allocated to registers ;size:2
                                           ;@timer1_init led_all_off               Allocated to registers ;size:2
                                           ;@timer1_init led1_on                   Allocated to registers ;size:2
                                           ;@timer1_init led2_on                   Allocated to registers ;size:2
                                           ;@timer1_init led3_on                   Allocated to registers ;size:2
                                           ;@timer1_init led4_on                   Allocated to registers ;size:2
                                           ;@timer1_init led_status_handle         Allocated to registers ;size:2
                                           ;@timer1_init led_refresh               Allocated to registers ;size:2
                                           ;@timer1_init key_scan                  Allocated to registers ;size:2
                                           ;@timer1_init lvd_scan                  Allocated to registers ;size:2
                                           ;@timer1_init timer0_init               Allocated to registers ;size:2
                                           ;@timer1_init INDFbits                  Allocated to registers ;size:1
                                           ;@timer1_init T0CNTbits                 Allocated to registers ;size:1
                                           ;@timer1_init PCLbits                   Allocated to registers ;size:1
                                           ;@timer1_init STATUSbits                Allocated to registers ;size:1
                                           ;@timer1_init FSRbits                   Allocated to registers ;size:1
                                           ;@timer1_init P1bits                    Allocated to registers ;size:1
                                           ;@timer1_init MCRbits                   Allocated to registers ;size:1
                                           ;@timer1_init P1KBCRbits                Allocated to registers ;size:1
                                           ;@timer1_init PCLATHbits                Allocated to registers ;size:1
                                           ;@timer1_init PDCONbits                 Allocated to registers ;size:1
                                           ;@timer1_init ODCONbits                 Allocated to registers ;size:1
                                           ;@timer1_init PUCONbits                 Allocated to registers ;size:1
                                           ;@timer1_init INTEbits                  Allocated to registers ;size:1
                                           ;@timer1_init INTFbits                  Allocated to registers ;size:1
                                           ;@timer1_init T0CRbits                  Allocated to registers ;size:1
                                           ;@timer1_init DDR1bits                  Allocated to registers ;size:1
                                           ;@timer1_init TMRCRbits                 Allocated to registers ;size:1
                                           ;@timer1_init T1CRbits                  Allocated to registers ;size:1
                                           ;@timer1_init T1CNTbits                 Allocated to registers ;size:1
                                           ;@timer1_init T1LOADbits                Allocated to registers ;size:1
                                           ;@timer1_init T1DATAbits                Allocated to registers ;size:1
                                           ;@timer1_init abuf                      Allocated to registers ;size:1
                                           ;@timer1_init statusbuf                 Allocated to registers ;size:1
                                           ;@timer1_init flag1                     Allocated to registers ;size:1
                                           ;@timer1_init INDF                      Allocated to registers ;size:1
                                           ;@timer1_init T0CNT                     Allocated to registers ;size:1
                                           ;@timer1_init PCL                       Allocated to registers ;size:1
                                           ;@timer1_init STATUS                    Allocated to registers ;size:1
                                           ;@timer1_init FSR                       Allocated to registers ;size:1
                                           ;@timer1_init P1                        Allocated to registers ;size:1
                                           ;@timer1_init MCR                       Allocated to registers ;size:1
                                           ;@timer1_init P1KBCR                    Allocated to registers ;size:1
                                           ;@timer1_init PCLATH                    Allocated to registers ;size:1
                                           ;@timer1_init PDCON                     Allocated to registers ;size:1
                                           ;@timer1_init ODCON                     Allocated to registers ;size:1
                                           ;@timer1_init PUCON                     Allocated to registers ;size:1
                                           ;@timer1_init INTE                      Allocated to registers ;size:1
                                           ;@timer1_init INTF                      Allocated to registers ;size:1
                                           ;@timer1_init T0CR                      Allocated to registers ;size:1
                                           ;@timer1_init DDR1                      Allocated to registers ;size:1
                                           ;@timer1_init TMRCR                     Allocated to registers ;size:1
                                           ;@timer1_init T1CR                      Allocated to registers ;size:1
                                           ;@timer1_init T1CNT                     Allocated to registers ;size:1
                                           ;@timer1_init T1LOAD                    Allocated to registers ;size:1
                                           ;@timer1_init T1DATA                    Allocated to registers ;size:1
                                           ;@end Allocation info for local variables in function 'timer1_init';
                                           
                                           ;--------------------------------------------------------
                                           ; overlayable items in internal ram 
                                           ;--------------------------------------------------------
                                           ;	udata_ovr
                                           ;--------------------------------------------------------
                                           ; code
                                           ;--------------------------------------------------------
                                           code_timer1	code
                                           ;***
                                           ;  pBlock Stats: dbName = C
                                           ;***
                                           ;entry:  _timer1_init	;Function start
                                           ; 2 exit points
                                           ;has an exit
                                           ;; Starting pCode block
                                           _timer1_init	;Function start
                                           ; 2 exit points
                                           ;	.line	6; "timer1.c"	T1CR = 0x03; // Fcpu 8分频
000001   0b03     movai   0x3              	MOVAI	0x03
000002   15cc     movra   0x4c             	MOVRA	_T1CR
                                           ;	.line	8; "timer1.c"	T1LOAD = 100 - 1; // 100us
000003   0b63     movai   0x63             	MOVAI	0x63
000004   15ce     movra   0x4e             	MOVRA	_T1LOAD
                                           ;	.line	9; "timer1.c"	T1EN = 1;
000005   3bcc     bset    0x4c, 0x7        	BSET	_T1CRbits,7
                                           ;	.line	10; "timer1.c"	T1IE = 1;
000006   38cb     bset    0x4b, 0x1        	BSET	_TMRCRbits,1
                                           ;	.line	11; "timer1.c"	}
000007   000c     return                   	RETURN	
                                           ; exit point of _timer1_init
                                           
                                           
                                           ;	code size estimation:
                                           ;	    7+    0 =     7 instructions (   14 byte)
                                           
                                           	end
                                           ;--------------------------------------------------------
                                           ; File Created by SN-SDCC : SinoMCU ANSI-C Compiler
                                           ; Version 2.0.0 (Dec 11 2019) (MINGW32)
                                           ; This file was generated Mon May 18 17:29:23 2026
                                           ;--------------------------------------------------------
                                           ; MC30 port for the RISC core
                                           ;--------------------------------------------------------
                                           ;	.file	"MC30P6280.c"
                                           	list	p=1K6280
                                           	radix dec
                                           	include "1K6280.inc"
                                           ;--------------------------------------------------------
                                           ; external declarations
                                           ;--------------------------------------------------------
                                           	extern	_LVD_Init
                                           	extern	_timer0_init
                                           	extern	_timer1_init
                                           	extern	_INDFbits
                                           	extern	_T0CNTbits
                                           	extern	_PCLbits
                                           	extern	_STATUSbits
                                           	extern	_FSRbits
                                           	extern	_P1bits
                                           	extern	_MCRbits
                                           	extern	_P1KBCRbits
                                           	extern	_PCLATHbits
                                           	extern	_PDCONbits
                                           	extern	_ODCONbits
                                           	extern	_PUCONbits
                                           	extern	_INTEbits
                                           	extern	_INTFbits
                                           	extern	_T0CRbits
                                           	extern	_DDR1bits
                                           	extern	_TMRCRbits
                                           	extern	_T1CRbits
                                           	extern	_T1CNTbits
                                           	extern	_T1LOADbits
                                           	extern	_T1DATAbits
                                           	extern	_INDF
                                           	extern	_T0CNT
                                           	extern	_PCL
                                           	extern	_STATUS
                                           	extern	_FSR
                                           	extern	_P1
                                           	extern	_MCR
                                           	extern	_P1KBCR
                                           	extern	_PCLATH
                                           	extern	_PDCON
                                           	extern	_ODCON
                                           	extern	_PUCON
                                           	extern	_INTE
                                           	extern	_INTF
                                           	extern	_T0CR
                                           	extern	_DDR1
                                           	extern	_TMRCR
                                           	extern	_T1CR
                                           	extern	_T1CNT
                                           	extern	_T1LOAD
                                           	extern	_T1DATA
                                           ;--------------------------------------------------------
                                           ; global declarations
                                           ;--------------------------------------------------------
                                           	global	_led_refresh
                                           	global	_led_status_handle
                                           	global	_key_scan
                                           	global	_led4_on
                                           	global	_led3_on
                                           	global	_led2_on
                                           	global	_led1_on
                                           	global	_led_all_off
                                           	global	_user_init
                                           	global	_Sys_Init
                                           	global	_lvd_scan
                                           	global	_IO_Init
                                           	global	_C_RAM
                                           	global	_delay_ms
                                           	global	_pen_pwr_on
                                           	global	_pen_pwr_off
                                           	global	_main
                                           	global	_int_isr
                                           	global	_abuf
                                           	global	_statusbuf
                                           	global	_flag1
                                           	global	_flag2
                                           	global	_cur_cmp_bat_lev
                                           	global	_tmp_bat_lev
                                           	global	_bat_lev
                                           	global	_pwr_off_cnt
                                           	global	_into_low_power_cnt
                                           	global	_charge_anim_phase
                                           	global	_charge_fully_cnt
                                           	global	_led_sta_reflash_cnt
                                           	global	_cur_key_id
                                           
                                           	global STK06
                                           	global STK05
                                           	global STK04
                                           	global STK03
                                           	global STK02
                                           	global STK01
                                           	global STK00
                                           
                                           sharebank udata_ovr 0x0010
                                           STK06	res 1
                                           STK05	res 1
                                           STK04	res 1
                                           STK03	res 1
                                           STK02	res 1
                                           STK01	res 1
                                           STK00	res 1
                                           
                                           ;--------------------------------------------------------
                                           ; global definitions
                                           ;--------------------------------------------------------
                                           UD_MC30P6280_0	udata
                                           _abuf	res	1
                                           
                                           UD_MC30P6280_1	udata
                                           _statusbuf	res	1
                                           
                                           UD_MC30P6280_2	udata
                                           _flag1	res	1
                                           
                                           UD_MC30P6280_3	udata
                                           _flag2	res	1
                                           
                                           ;--------------------------------------------------------
                                           ; absolute symbol definitions
                                           ;--------------------------------------------------------
                                           ;--------------------------------------------------------
                                           ; compiler-defined variables
                                           ;--------------------------------------------------------
                                           UDL_MC30P6280_0	udata
                                           r0x1024	res	1
                                           r0x101C	res	1
                                           r0x101B	res	1
                                           r0x101A	res	1
                                           r0x1019	res	1
                                           r0x101D	res	1
                                           r0x101E	res	1
                                           r0x101F	res	1
                                           r0x1020	res	1
                                           r0x1023	res	1
                                           r0x1022	res	1
                                           r0x1021	res	1
                                           _led_refresh_sta_65536_104	res	1
                                           _int_isr_cnt_196608_121	res	1
                                           _int_isr_cnt_196608_140	res	1
                                           ;--------------------------------------------------------
                                           ; initialized data
                                           ;--------------------------------------------------------
                                           
                                           ID_MC30P6280_0	idata
                                           _cur_cmp_bat_lev
                                           	db	0x00
                                           
                                           
                                           ID_MC30P6280_1	idata
                                           _tmp_bat_lev
                                           	db	0x00
                                           
                                           
                                           ID_MC30P6280_2	idata
                                           _bat_lev
                                           	db	0x00
                                           
                                           
                                           ID_MC30P6280_3	idata
                                           _pwr_off_cnt
                                           	db	0x00, 0x00, 0x00, 0x00
                                           
                                           
                                           ID_MC30P6280_4	idata
                                           _into_low_power_cnt
                                           	db	0x00
                                           
                                           
                                           ID_MC30P6280_5	idata
                                           _charge_anim_phase
                                           	db	0x00
                                           
                                           
                                           ID_MC30P6280_6	idata
                                           _charge_fully_cnt
                                           	db	0x00, 0x00
                                           
                                           
                                           ID_MC30P6280_7	idata
                                           _led_sta_reflash_cnt
                                           	db	0x00
                                           
                                           
                                           ID_MC30P6280_8	idata
                                           _cur_lvd_state
                                           	db	0x00
                                           
                                           
                                           ID_MC30P6280_9	idata
                                           _last_key_id
                                           	db	0x00
                                           
                                           
                                           ID_MC30P6280_10	idata
                                           _press_cnt
                                           	db	0x00
                                           
                                           
                                           ID_MC30P6280_11	idata
                                           _filter_cnt
                                           	db	0x00
                                           
                                           
                                           ID_MC30P6280_12	idata
                                           _filter_key_id
                                           	db	0x00
                                           
                                           
                                           ID_MC30P6280_13	idata
                                           _click_delay_cnt
                                           	db	0x00
                                           
                                           
                                           ID_MC30P6280_14	idata
                                           _click_cnt
                                           	db	0x00
                                           
                                           
                                           ID_MC30P6280_15	idata
                                           _cur_key_id
                                           	db	0x00
                                           
                                           
                                           ;@Allocation info for local variables in function 'C_RAM'
                                           ;@C_RAM IO_Init                   Allocated to registers ;size:2
                                           ;@C_RAM LVD_Init                  Allocated to registers ;size:2
                                           ;@C_RAM Sys_Init                  Allocated to registers ;size:2
                                           ;@C_RAM user_init                 Allocated to registers ;size:2
                                           ;@C_RAM led_all_off               Allocated to registers ;size:2
                                           ;@C_RAM led1_on                   Allocated to registers ;size:2
                                           ;@C_RAM led2_on                   Allocated to registers ;size:2
                                           ;@C_RAM led3_on                   Allocated to registers ;size:2
                                           ;@C_RAM led4_on                   Allocated to registers ;size:2
                                           ;@C_RAM led_status_handle         Allocated to registers ;size:2
                                           ;@C_RAM led_refresh               Allocated to registers ;size:2
                                           ;@C_RAM key_scan                  Allocated to registers ;size:2
                                           ;@C_RAM lvd_scan                  Allocated to registers ;size:2
                                           ;@C_RAM timer0_init               Allocated to registers ;size:2
                                           ;@C_RAM timer1_init               Allocated to registers ;size:2
                                           ;@C_RAM INDFbits                  Allocated to registers ;size:1
                                           ;@C_RAM T0CNTbits                 Allocated to registers ;size:1
                                           ;@C_RAM PCLbits                   Allocated to registers ;size:1
                                           ;@C_RAM STATUSbits                Allocated to registers ;size:1
                                           ;@C_RAM FSRbits                   Allocated to registers ;size:1
                                           ;@C_RAM P1bits                    Allocated to registers ;size:1
                                           ;@C_RAM MCRbits                   Allocated to registers ;size:1
                                           ;@C_RAM P1KBCRbits                Allocated to registers ;size:1
                                           ;@C_RAM PCLATHbits                Allocated to registers ;size:1
                                           ;@C_RAM PDCONbits                 Allocated to registers ;size:1
                                           ;@C_RAM ODCONbits                 Allocated to registers ;size:1
                                           ;@C_RAM PUCONbits                 Allocated to registers ;size:1
                                           ;@C_RAM INTEbits                  Allocated to registers ;size:1
                                           ;@C_RAM INTFbits                  Allocated to registers ;size:1
                                           ;@C_RAM T0CRbits                  Allocated to registers ;size:1
                                           ;@C_RAM DDR1bits                  Allocated to registers ;size:1
                                           ;@C_RAM TMRCRbits                 Allocated to registers ;size:1
                                           ;@C_RAM T1CRbits                  Allocated to registers ;size:1
                                           ;@C_RAM T1CNTbits                 Allocated to registers ;size:1
                                           ;@C_RAM T1LOADbits                Allocated to registers ;size:1
                                           ;@C_RAM T1DATAbits                Allocated to registers ;size:1
                                           ;@C_RAM abuf                      Allocated to registers ;size:1
                                           ;@C_RAM statusbuf                 Allocated to registers ;size:1
                                           ;@C_RAM flag1                     Allocated to registers ;size:1
                                           ;@C_RAM flag2                     Allocated to registers ;size:1
                                           ;@C_RAM cur_cmp_bat_lev           Allocated to registers ;size:1
                                           ;@C_RAM tmp_bat_lev               Allocated to registers ;size:1
                                           ;@C_RAM bat_lev                   Allocated to registers ;size:1
                                           ;@C_RAM pwr_off_cnt               Allocated to registers ;size:4
                                           ;@C_RAM into_low_power_cnt        Allocated to registers ;size:1
                                           ;@C_RAM charge_anim_phase         Allocated to registers ;size:1
                                           ;@C_RAM charge_fully_cnt          Allocated to registers ;size:2
                                           ;@C_RAM led_sta_reflash_cnt       Allocated to registers ;size:1
                                           ;@C_RAM cur_lvd_state             Allocated to registers ;size:1
                                           ;@C_RAM last_key_id               Allocated to registers ;size:1
                                           ;@C_RAM press_cnt                 Allocated to registers ;size:1
                                           ;@C_RAM filter_cnt                Allocated to registers ;size:1
                                           ;@C_RAM filter_key_id             Allocated to registers ;size:1
                                           ;@C_RAM click_delay_cnt           Allocated to registers ;size:1
                                           ;@C_RAM click_cnt                 Allocated to registers ;size:1
                                           ;@C_RAM cur_key_id                Allocated to registers ;size:1
                                           ;@C_RAM INDF                      Allocated to registers ;size:1
                                           ;@C_RAM T0CNT                     Allocated to registers ;size:1
                                           ;@C_RAM PCL                       Allocated to registers ;size:1
                                           ;@C_RAM STATUS                    Allocated to registers ;size:1
                                           ;@C_RAM FSR                       Allocated to registers ;size:1
                                           ;@C_RAM P1                        Allocated to registers ;size:1
                                           ;@C_RAM MCR                       Allocated to registers ;size:1
                                           ;@C_RAM P1KBCR                    Allocated to registers ;size:1
                                           ;@C_RAM PCLATH                    Allocated to registers ;size:1
                                           ;@C_RAM PDCON                     Allocated to registers ;size:1
                                           ;@C_RAM ODCON                     Allocated to registers ;size:1
                                           ;@C_RAM PUCON                     Allocated to registers ;size:1
                                           ;@C_RAM INTE                      Allocated to registers ;size:1
                                           ;@C_RAM INTF                      Allocated to registers ;size:1
                                           ;@C_RAM T0CR                      Allocated to registers ;size:1
                                           ;@C_RAM DDR1                      Allocated to registers ;size:1
                                           ;@C_RAM TMRCR                     Allocated to registers ;size:1
                                           ;@C_RAM T1CR                      Allocated to registers ;size:1
                                           ;@C_RAM T1CNT                     Allocated to registers ;size:1
                                           ;@C_RAM T1LOAD                    Allocated to registers ;size:1
                                           ;@C_RAM T1DATA                    Allocated to registers ;size:1
                                           ;@end Allocation info for local variables in function 'C_RAM';
                                           ;@Allocation info for local variables in function 'IO_Init'
                                           ;@end Allocation info for local variables in function 'IO_Init';
                                           ;@Allocation info for local variables in function 'lvd_scan'
                                           ;@end Allocation info for local variables in function 'lvd_scan';
                                           ;@Allocation info for local variables in function 'Sys_Init'
                                           ;@end Allocation info for local variables in function 'Sys_Init';
                                           ;@Allocation info for local variables in function 'delay_ms'
                                           ;@delay_ms xms                       Allocated to registers ;size:4
                                           ;@delay_ms i                         Allocated to registers r0x101D r0x101E ;size:2
                                           ;@end Allocation info for local variables in function 'delay_ms';
                                           ;@Allocation info for local variables in function 'user_init'
                                           ;@end Allocation info for local variables in function 'user_init';
                                           ;@Allocation info for local variables in function 'pen_pwr_on'
                                           ;@end Allocation info for local variables in function 'pen_pwr_on';
                                           ;@Allocation info for local variables in function 'pen_pwr_off'
                                           ;@end Allocation info for local variables in function 'pen_pwr_off';
                                           ;@Allocation info for local variables in function 'led_all_off'
                                           ;@end Allocation info for local variables in function 'led_all_off';
                                           ;@Allocation info for local variables in function 'led1_on'
                                           ;@end Allocation info for local variables in function 'led1_on';
                                           ;@Allocation info for local variables in function 'led2_on'
                                           ;@end Allocation info for local variables in function 'led2_on';
                                           ;@Allocation info for local variables in function 'led3_on'
                                           ;@end Allocation info for local variables in function 'led3_on';
                                           ;@Allocation info for local variables in function 'led4_on'
                                           ;@end Allocation info for local variables in function 'led4_on';
                                           ;@Allocation info for local variables in function 'key_scan'
                                           ;@end Allocation info for local variables in function 'key_scan';
                                           ;@Allocation info for local variables in function 'led_status_handle'
                                           ;@end Allocation info for local variables in function 'led_status_handle';
                                           ;@Allocation info for local variables in function 'led_refresh'
                                           ;@led_refresh sta                       Allocated to registers ;size:1
                                           ;@end Allocation info for local variables in function 'led_refresh';
                                           ;@Allocation info for local variables in function 'led_refresh'
                                           ;@led_refresh sta                       Allocated to registers ;size:1
                                           ;@end Allocation info for local variables in function 'led_refresh';
                                           ;@Allocation info for local variables in function 'main'
                                           ;@end Allocation info for local variables in function 'main';
                                           ;@Allocation info for local variables in function 'int_isr'
                                           ;@int_isr cnt                       Allocated to registers ;size:1
                                           ;@int_isr cnt                       Allocated to registers ;size:1
                                           ;@end Allocation info for local variables in function 'int_isr';
                                           ;@Allocation info for local variables in function 'int_isr'
                                           ;@int_isr cnt                       Allocated to registers ;size:1
                                           ;@int_isr cnt                       Allocated to registers ;size:1
                                           ;@end Allocation info for local variables in function 'int_isr';
                                           
                                           ;--------------------------------------------------------
                                           ; overlayable items in internal ram 
                                           ;--------------------------------------------------------
                                           ;	udata_ovr
                                           ;--------------------------------------------------------
                                           ; reset vector 
                                           ;--------------------------------------------------------
                                           STARTUP	code 0x0000
                                           	goto	_main
                                           ;--------------------------------------------------------
                                           ; interrupt and initialization code
                                           ;--------------------------------------------------------
                                           c_interrupt	code	0x8
                                           __sdcc_interrupt
                                           ;***
                                           ;  pBlock Stats: dbName = I
                                           ;***
                                           ;entry:  _int_isr	;Function start
                                           ; 0 exit points
                                           ;functions called:
                                           ;   _key_scan
                                           ;   _led_status_handle
                                           ;   _pen_pwr_off
                                           ;   _led_all_off
                                           ;   _pen_pwr_off
                                           ;   _led_refresh
                                           ;   _lvd_scan
                                           ;   _key_scan
                                           ;   _led_status_handle
                                           ;   _pen_pwr_off
                                           ;   _led_all_off
                                           ;   _pen_pwr_off
                                           ;   _led_refresh
                                           ;   _lvd_scan
                                           ;; Starting pCode block
                                           _int_isr	;Function start
                                           ; 0 exit points
                                           ;	.line	803; "MC30P6280.c"	__endasm;
                                           	;
                                           	movra	_abuf;
                                           	swapar	_STATUS;
                                           	movra	_statusbuf;
                                           	
                                           ;	.line	805; "MC30P6280.c"	if ((T0IF) && (T0IE)) {
                                           	JBSET	_INTFbits,0
                                           	GOTO	_00664_DS_
                                           	JBSET	_INTEbits,0
                                           	GOTO	_00664_DS_
                                           ;	.line	806; "MC30P6280.c"	T0IF = 0;
                                           	BCLR	_INTFbits,0
                                           ;	.line	807; "MC30P6280.c"	T0CNT = (u8)(255 - 125); // T0 目前1ms产生一次中断
                                           	MOVAI	0x82
                                           	MOVRA	_T0CNT
                                           ;	.line	811; "MC30P6280.c"	cnt++;
                                           	INCR	_int_isr_cnt_196608_121
                                           ;;unsigned compare: left < lit(0xA=10), size=1
                                           ;	.line	812; "MC30P6280.c"	if (cnt >= 10) {
                                           	MOVAI	0x0a
                                           	RSUBAR	_int_isr_cnt_196608_121
                                           	JBSET	STATUS,0
                                           	GOTO	_00655_DS_
                                           ;;genSkipc:3291: created from rifx:013B5EFC
                                           ;	.line	814; "MC30P6280.c"	cnt = 0;
                                           	CLRR	_int_isr_cnt_196608_121
                                           ;	.line	817; "MC30P6280.c"	key_scan();
                                           	CALL	_key_scan
                                           ;	.line	819; "MC30P6280.c"	led_status_handle();
                                           	CALL	_led_status_handle
                                           ;	.line	821; "MC30P6280.c"	if (flag_is_dev_working) {
                                           	JBSET	_flag1,6
                                           	GOTO	_00638_DS_
                                           ;;unsigned compare: left < lit(0x2BF20=180000), size=4
                                           ;	.line	823; "MC30P6280.c"	if (pwr_off_cnt < ((u32)30 * 60 * 1000 / 10)) {
                                           	MOVAI	0x00
                                           	RSUBAR	(_pwr_off_cnt + 3)
                                           	JBSET	STATUS,2
                                           	GOTO	_00746_DS_
                                           	MOVAI	0x02
                                           	RSUBAR	(_pwr_off_cnt + 2)
                                           	JBSET	STATUS,2
                                           	GOTO	_00746_DS_
                                           	MOVAI	0xbf
                                           	RSUBAR	(_pwr_off_cnt + 1)
                                           	JBSET	STATUS,2
                                           	GOTO	_00746_DS_
                                           	MOVAI	0x20
                                           	RSUBAR	_pwr_off_cnt
                                           _00746_DS_
                                           	JBCLR	STATUS,0
                                           	GOTO	_00639_DS_
                                           ;;genSkipc:3291: created from rifx:013B5EFC
                                           ;	.line	824; "MC30P6280.c"	pwr_off_cnt++;
                                           	INCR	_pwr_off_cnt
                                           	JBCLR	STATUS,2
                                           	INCR	(_pwr_off_cnt + 1)
                                           	JBCLR	STATUS,2
                                           	INCR	(_pwr_off_cnt + 2)
                                           	JBCLR	STATUS,2
                                           	INCR	(_pwr_off_cnt + 3)
                                           	GOTO	_00639_DS_
                                           _00638_DS_
                                           ;	.line	828; "MC30P6280.c"	pwr_off_cnt = 0;
                                           	CLRR	_pwr_off_cnt
                                           	CLRR	(_pwr_off_cnt + 1)
                                           	CLRR	(_pwr_off_cnt + 2)
                                           	CLRR	(_pwr_off_cnt + 3)
                                           _00639_DS_
                                           ;	.line	832; "MC30P6280.c"	if (flag_is_dev_working && bat_lev == BAT_LEV_2V9) {
                                           	JBSET	_flag1,6
                                           	GOTO	_00641_DS_
                                           	MOVAI	0x00
                                           	ORAR	_bat_lev
                                           	JBSET	STATUS,2
                                           	GOTO	_00641_DS_
                                           ;	.line	833; "MC30P6280.c"	pen_pwr_off();           // 断开笔头的供电
                                           	CALL	_pen_pwr_off
                                           ;	.line	834; "MC30P6280.c"	led_all_off();           // 关闭所有指示灯
                                           	CALL	_led_all_off
                                           ;	.line	835; "MC30P6280.c"	flag_is_dev_working = 0; // 表示设备关闭
                                           	BCLR	_flag1,6
                                           _00641_DS_
                                           ;	.line	843; "MC30P6280.c"	if (CHARGE_PIN) {
                                           	JBSET	_P1bits,3
                                           	GOTO	_00646_DS_
                                           ;	.line	848; "MC30P6280.c"	if (0 == flag_is_in_charging) {
                                           	JBCLR	_flag1,0
                                           	GOTO	_00647_DS_
                                           ;	.line	853; "MC30P6280.c"	tmp_bat_lev = BAT_LEV_2V9;
                                           	CLRR	_tmp_bat_lev
                                           ;	.line	854; "MC30P6280.c"	bat_lev = BAT_LEV_2V9;
                                           	CLRR	_bat_lev
                                           ;	.line	855; "MC30P6280.c"	pen_pwr_off(); // 断开笔头的供电
                                           	CALL	_pen_pwr_off
                                           ;	.line	857; "MC30P6280.c"	flag_led_1_on = 0;
                                           	BCLR	_flag1,2
                                           ;	.line	858; "MC30P6280.c"	flag_led_2_on = 0;
                                           	BCLR	_flag1,3
                                           ;	.line	859; "MC30P6280.c"	flag_led_3_on = 0;
                                           	BCLR	_flag1,4
                                           ;	.line	860; "MC30P6280.c"	flag_led_4_on = 0;
                                           	BCLR	_flag1,5
                                           ;	.line	861; "MC30P6280.c"	flag_is_dev_working = 0; // 表示设备关闭
                                           	BCLR	_flag1,6
                                           ;	.line	863; "MC30P6280.c"	flag_is_charge_begin = 1;
                                           	BSET	_flag1,1
                                           ;	.line	864; "MC30P6280.c"	charge_anim_phase = 0;
                                           	CLRR	_charge_anim_phase
                                           ;	.line	865; "MC30P6280.c"	charge_fully_cnt = 0; // 刚进入充电，清空充满电的计数值
                                           	CLRR	_charge_fully_cnt
                                           	CLRR	(_charge_fully_cnt + 1)
                                           ;	.line	866; "MC30P6280.c"	flag_is_in_charging = 1;
                                           	BSET	_flag1,0
                                           	GOTO	_00647_DS_
                                           _00646_DS_
                                           ;	.line	877; "MC30P6280.c"	flag_is_in_charging = 0;
                                           	BCLR	_flag1,0
                                           _00647_DS_
                                           ;	.line	885; "MC30P6280.c"	if ((CHARGE_PIN == 0) && (flag_is_dev_working == 0)) {
                                           	JBCLR	_P1bits,3
                                           	GOTO	_00651_DS_
                                           	JBCLR	_flag1,6
                                           	GOTO	_00651_DS_
                                           ;;unsigned compare: left < lit(0xFF=255), size=1
                                           ;	.line	886; "MC30P6280.c"	if (into_low_power_cnt < 255) {
                                           	MOVAI	0xff
                                           	RSUBAR	_into_low_power_cnt
                                           	JBCLR	STATUS,0
                                           	GOTO	_00655_DS_
                                           ;;genSkipc:3291: created from rifx:013B5EFC
                                           ;	.line	887; "MC30P6280.c"	into_low_power_cnt++;
                                           	INCR	_into_low_power_cnt
                                           	GOTO	_00655_DS_
                                           _00651_DS_
                                           ;	.line	890; "MC30P6280.c"	into_low_power_cnt = 0;
                                           	CLRR	_into_low_power_cnt
                                           _00655_DS_
                                           ;	.line	897; "MC30P6280.c"	if (flag_is_dev_working) {
                                           	JBSET	_flag1,6
                                           	GOTO	_00661_DS_
                                           ;	.line	899; "MC30P6280.c"	if (bat_lev >= tmp_bat_lev) {
                                           	MOVAR	_tmp_bat_lev
                                           	RSUBAR	_bat_lev
                                           	JBSET	STATUS,0
                                           	GOTO	_00664_DS_
                                           ;;genSkipc:3291: created from rifx:013B5EFC
                                           ;	.line	900; "MC30P6280.c"	bat_lev = tmp_bat_lev;
                                           	MOVAR	_tmp_bat_lev
                                           	MOVRA	_bat_lev
                                           	GOTO	_00664_DS_
                                           _00661_DS_
                                           ;	.line	905; "MC30P6280.c"	if (bat_lev <= tmp_bat_lev) {
                                           	MOVAR	_bat_lev
                                           	RSUBAR	_tmp_bat_lev
                                           	JBSET	STATUS,0
                                           	GOTO	_00664_DS_
                                           ;;genSkipc:3291: created from rifx:013B5EFC
                                           ;	.line	906; "MC30P6280.c"	bat_lev = tmp_bat_lev;
                                           	MOVAR	_tmp_bat_lev
                                           	MOVRA	_bat_lev
                                           _00664_DS_
                                           ;	.line	913; "MC30P6280.c"	if ((T1IF) && (T1IE)) {
                                           	JBSET	_TMRCRbits,0
                                           	GOTO	_00669_DS_
                                           	JBSET	_TMRCRbits,1
                                           	GOTO	_00669_DS_
                                           ;	.line	914; "MC30P6280.c"	T1IF = 0;
                                           	BCLR	_TMRCRbits,0
                                           ;	.line	918; "MC30P6280.c"	led_refresh();
                                           	CALL	_led_refresh
                                           ;	.line	922; "MC30P6280.c"	cnt++;
                                           	INCR	_int_isr_cnt_196608_140
                                           ;;unsigned compare: left < lit(0x3=3), size=1
                                           ;	.line	923; "MC30P6280.c"	if (cnt >= 3) {
                                           	MOVAI	0x03
                                           	RSUBAR	_int_isr_cnt_196608_140
                                           	JBSET	STATUS,0
                                           	GOTO	_00669_DS_
                                           ;;genSkipc:3291: created from rifx:013B5EFC
                                           ;	.line	924; "MC30P6280.c"	cnt = 0;
                                           	CLRR	_int_isr_cnt_196608_140
                                           ;	.line	925; "MC30P6280.c"	lvd_scan();
                                           	CALL	_lvd_scan
                                           _00669_DS_
                                           ;	.line	947; "MC30P6280.c"	__endasm;
                                           	;
                                           	swapar	_statusbuf;
                                           	movra	_STATUS;
                                           	swapr	_abuf;
                                           	swapar	_abuf;
                                           	
                                           END_OF_INTERRUPT
                                           ;	.line	948; "MC30P6280.c"	}
                                           	RETIE	
                                           
                                           ;--------------------------------------------------------
                                           ; code
                                           ;--------------------------------------------------------
                                           code_MC30P6280	code
                                           ;***
                                           ;  pBlock Stats: dbName = M
                                           ;***
                                           ;entry:  _main	;Function start
                                           ; 2 exit points
                                           ;has an exit
                                           ;functions called:
                                           ;   _Sys_Init
                                           ;   _user_init
                                           ;   _Sys_Init
                                           ;   _user_init
                                           ;   _delay_ms
                                           ;   _Sys_Init
                                           ;   _user_init
                                           ;   _Sys_Init
                                           ;   _user_init
                                           ;   _delay_ms
                                           ;3 compiler assigned registers:
                                           ;   STK02
                                           ;   STK01
                                           ;   STK00
                                           ;; Starting pCode block
                                           _main	;Function start
                                           ; 2 exit points
                                           ;	.line	683; "MC30P6280.c"	Sys_Init();
                                           	CALL	_Sys_Init
                                           ;	.line	684; "MC30P6280.c"	user_init();
                                           	CALL	_user_init
                                           ;	.line	686; "MC30P6280.c"	into_low_power_cnt = (u8)((u16)2000 / 10); // 确保一上电就进入低功耗
                                           	MOVAI	0xc8
                                           	MOVRA	_into_low_power_cnt
                                           _00602_DS_
                                           ;	.line	696; "MC30P6280.c"	if ((flag_is_dev_working && pwr_off_cnt >= ((u32)30 * 60 * 1000 / 10)) ||
                                           	JBSET	_flag1,6
                                           	GOTO	_00600_DS_
                                           ;;unsigned compare: left < lit(0x2BF20=180000), size=4
                                           	MOVAI	0x00
                                           	RSUBAR	(_pwr_off_cnt + 3)
                                           	JBSET	STATUS,2
                                           	GOTO	_00630_DS_
                                           	MOVAI	0x02
                                           	RSUBAR	(_pwr_off_cnt + 2)
                                           	JBSET	STATUS,2
                                           	GOTO	_00630_DS_
                                           	MOVAI	0xbf
                                           	RSUBAR	(_pwr_off_cnt + 1)
                                           	JBSET	STATUS,2
                                           	GOTO	_00630_DS_
                                           	MOVAI	0x20
                                           	RSUBAR	_pwr_off_cnt
                                           _00630_DS_
                                           	JBCLR	STATUS,0
                                           	GOTO	_00590_DS_
                                           ;;genSkipc:3291: created from rifx:013B5EFC
                                           ;;unsigned compare: left < lit(0xC8=200), size=1
                                           _00600_DS_
                                           ;	.line	697; "MC30P6280.c"	into_low_power_cnt >= (u8)((u16)2000 / 10)) {
                                           	MOVAI	0xc8
                                           	RSUBAR	_into_low_power_cnt
                                           	JBSET	STATUS,0
                                           	GOTO	_00602_DS_
                                           ;;genSkipc:3291: created from rifx:013B5EFC
                                           _00590_DS_
                                           ;	.line	712; "MC30P6280.c"	GIE = 0; // 关闭总中断
                                           	BCLR	_INTEbits,7
                                           ;	.line	718; "MC30P6280.c"	T0IE = 0;  // 屏蔽 timer0 中断
                                           	BCLR	_INTEbits,0
                                           ;	.line	719; "MC30P6280.c"	T1IE = 0;  // 屏蔽 timer1 中断
                                           	BCLR	_TMRCRbits,1
                                           ;	.line	720; "MC30P6280.c"	T1EN = 0;  // 不使能定时器
                                           	BCLR	_T1CRbits,7
                                           ;	.line	721; "MC30P6280.c"	LVDEN = 0; // 关闭 lvd
                                           	BCLR	_MCRbits,0
                                           ;	.line	724; "MC30P6280.c"	PUCON = 0xFF; // 0:Effective 1:invalid
                                           	MOVAI	0xff
                                           	MOVRA	_PUCON
                                           ;	.line	725; "MC30P6280.c"	PDCON = 0xFF; // 0:Effective 1:invalid
                                           	MOVAI	0xff
                                           	MOVRA	_PDCON
                                           ;	.line	726; "MC30P6280.c"	DDR1 = 0xFF;  // 1:input 0:output
                                           	MOVAI	0xff
                                           	MOVRA	_DDR1
                                           ;	.line	728; "MC30P6280.c"	PUCON &= ~(0x01 << 0);             // 上拉 20K ， P10(按键检测脚)
                                           	BCLR	_PUCON,0
                                           ;	.line	729; "MC30P6280.c"	PUCON &= ~(0x01 << 1 | 0x01 << 2); // LED控制 A端和B端，打开上拉
                                           	MOVAI	0xf9
                                           	ANDRA	_PUCON
                                           ;	.line	735; "MC30P6280.c"	KBIF = 0; // 清除中断标志
                                           	BCLR	_INTFbits,1
                                           ;	.line	736; "MC30P6280.c"	KBIE = 1; // 使能键盘中断
                                           	BSET	_INTEbits,1
                                           ;	.line	740; "MC30P6280.c"	P1KBCR |= (0x01 << 0) | (0x01 << 3);
                                           	MOVAI	0x09
                                           	ORRA	_P1KBCR
                                           ;	.line	748; "MC30P6280.c"	Stop();
                                           	stop	
                                           ;	.line	749; "MC30P6280.c"	Nop();
                                           	nop	
                                           ;	.line	750; "MC30P6280.c"	Nop();
                                           	nop	
                                           ;	.line	753; "MC30P6280.c"	P1KBCR = 0; // 关闭所有键盘中断
                                           	CLRR	_P1KBCR
                                           ;	.line	754; "MC30P6280.c"	KBIE = 0;   // 关闭键盘中断
                                           	BCLR	_INTEbits,1
                                           ;	.line	755; "MC30P6280.c"	KBIF = 0;   // 清除 键盘中断 标志
                                           	BCLR	_INTFbits,1
                                           ;	.line	762; "MC30P6280.c"	Sys_Init();
                                           	CALL	_Sys_Init
                                           ;	.line	763; "MC30P6280.c"	user_init();
                                           	CALL	_user_init
                                           ;	.line	765; "MC30P6280.c"	if (CHARGE_PIN == 0) {
                                           	JBCLR	_P1bits,3
                                           	GOTO	_00592_DS_
                                           ;	.line	767; "MC30P6280.c"	tmp_bat_lev = BAT_LEV_4V2; // 唤醒后，给一个默认值
                                           	MOVAI	0x06
                                           	MOVRA	_tmp_bat_lev
                                           ;	.line	768; "MC30P6280.c"	bat_lev = BAT_LEV_4V2;
                                           	MOVAI	0x06
                                           	MOVRA	_bat_lev
                                           	GOTO	_00593_DS_
                                           _00592_DS_
                                           ;	.line	771; "MC30P6280.c"	tmp_bat_lev = BAT_LEV_2V9;
                                           	CLRR	_tmp_bat_lev
                                           ;	.line	772; "MC30P6280.c"	bat_lev = BAT_LEV_2V9;
                                           	CLRR	_bat_lev
                                           _00593_DS_
                                           ;	.line	779; "MC30P6280.c"	delay_ms(10);
                                           	MOVAI	0x0a
                                           	MOVRA	STK02
                                           	MOVAI	0x00
                                           	MOVRA	STK01
                                           	MOVAI	0x00
                                           	MOVRA	STK00
                                           	MOVAI	0x00
                                           	CALL	_delay_ms
                                           ;	.line	780; "MC30P6280.c"	flag_is_led_show_enable = 1; // 确保电池电量更新后，再使能led显示
                                           	BSET	_flag2,0
                                           ;	.line	783; "MC30P6280.c"	if (CHARGE_PIN == 0 && bat_lev < BAT_LEV_3V0) {
                                           	JBCLR	_P1bits,3
                                           	GOTO	_00602_DS_
                                           ;;unsigned compare: left < lit(0x1=1), size=1
                                           	MOVAI	0x01
                                           	RSUBAR	_bat_lev
                                           	JBSET	STATUS,0
                                           	GOTO	_00590_DS_
                                           ;;genSkipc:3291: created from rifx:013B5EFC
                                           ;	.line	784; "MC30P6280.c"	goto label_low_power_in;
                                           	GOTO	_00602_DS_
                                           ;	.line	789; "MC30P6280.c"	}
                                           	RETURN	
                                           ; exit point of _main
                                           
                                           ;***
                                           ;  pBlock Stats: dbName = C
                                           ;***
                                           ;entry:  _led_refresh	;Function start
                                           ; 2 exit points
                                           ;has an exit
                                           ;functions called:
                                           ;   _led_all_off
                                           ;   _led1_on
                                           ;   _led2_on
                                           ;   _led3_on
                                           ;   _led4_on
                                           ;   _led_all_off
                                           ;   _led1_on
                                           ;   _led2_on
                                           ;   _led3_on
                                           ;   _led4_on
                                           ;1 compiler assigned register :
                                           ;   r0x1021
                                           ;; Starting pCode block
                                           _led_refresh	;Function start
                                           ; 2 exit points
                                           ;	.line	644; "MC30P6280.c"	if (0 == flag_is_led_show_enable) {
                                           	JBCLR	_flag2,0
                                           	GOTO	_00543_DS_
                                           ;	.line	645; "MC30P6280.c"	return;
                                           	GOTO	_00558_DS_
                                           _00543_DS_
                                           ;	.line	648; "MC30P6280.c"	led_all_off();
                                           	CALL	_led_all_off
                                           ;	.line	650; "MC30P6280.c"	switch (sta) {
                                           	MOVAR	_led_refresh_sta_65536_104
                                           	MOVRA	r0x1021
                                           ;;swapping arguments (AOP_TYPEs 1/2)
                                           ;;unsigned compare: left >= lit(0x4=4), size=1
                                           	MOVAI	0x04
                                           	RSUBAR	r0x1021
                                           	JBCLR	STATUS,0
                                           	GOTO	_00558_DS_
                                           ;;genSkipc:3291: created from rifx:013B5EFC
                                           	MOVAI	HIGH(_00585_DS_)
                                           	MOVRA	PCLATH
                                           	MOVAI	_00585_DS_
                                           	ADDAR	r0x1021
                                           	JBCLR	STATUS,0
                                           	INCR	PCLATH
                                           	MOVRA	PCL
                                           _00585_DS_
                                           	GOTO	_00544_DS_
                                           	GOTO	_00547_DS_
                                           	GOTO	_00550_DS_
                                           	GOTO	_00553_DS_
                                           _00544_DS_
                                           ;	.line	652; "MC30P6280.c"	if (flag_led_1_on) {
                                           	JBSET	_flag1,2
                                           	GOTO	_00546_DS_
                                           ;	.line	653; "MC30P6280.c"	led1_on();
                                           	CALL	_led1_on
                                           _00546_DS_
                                           ;	.line	655; "MC30P6280.c"	sta = 1;
                                           	MOVAI	0x01
                                           	MOVRA	_led_refresh_sta_65536_104
                                           ;	.line	656; "MC30P6280.c"	break;
                                           	GOTO	_00558_DS_
                                           _00547_DS_
                                           ;	.line	658; "MC30P6280.c"	if (flag_led_2_on) {
                                           	JBSET	_flag1,3
                                           	GOTO	_00549_DS_
                                           ;	.line	659; "MC30P6280.c"	led2_on();
                                           	CALL	_led2_on
                                           _00549_DS_
                                           ;	.line	661; "MC30P6280.c"	sta = 2;
                                           	MOVAI	0x02
                                           	MOVRA	_led_refresh_sta_65536_104
                                           ;	.line	662; "MC30P6280.c"	break;
                                           	GOTO	_00558_DS_
                                           _00550_DS_
                                           ;	.line	664; "MC30P6280.c"	if (flag_led_3_on) {
                                           	JBSET	_flag1,4
                                           	GOTO	_00552_DS_
                                           ;	.line	665; "MC30P6280.c"	led3_on();
                                           	CALL	_led3_on
                                           _00552_DS_
                                           ;	.line	667; "MC30P6280.c"	sta = 3;
                                           	MOVAI	0x03
                                           	MOVRA	_led_refresh_sta_65536_104
                                           ;	.line	668; "MC30P6280.c"	break;
                                           	GOTO	_00558_DS_
                                           _00553_DS_
                                           ;	.line	670; "MC30P6280.c"	if (flag_led_4_on) {
                                           	JBSET	_flag1,5
                                           	GOTO	_00555_DS_
                                           ;	.line	671; "MC30P6280.c"	led4_on();
                                           	CALL	_led4_on
                                           _00555_DS_
                                           ;	.line	673; "MC30P6280.c"	sta = 0;
                                           	CLRR	_led_refresh_sta_65536_104
                                           _00558_DS_
                                           ;	.line	679; "MC30P6280.c"	}
                                           	RETURN	
                                           ; exit point of _led_refresh
                                           
                                           ;***
                                           ;  pBlock Stats: dbName = C
                                           ;***
                                           ;entry:  _led_status_handle	;Function start
                                           ; 2 exit points
                                           ;has an exit
                                           ;1 compiler assigned register :
                                           ;   r0x1022
                                           ;; Starting pCode block
                                           _led_status_handle	;Function start
                                           ; 2 exit points
                                           ;	.line	472; "MC30P6280.c"	led_sta_reflash_cnt++;
                                           	INCR	_led_sta_reflash_cnt
                                           ;;unsigned compare: left < lit(0x32=50), size=1
                                           ;	.line	473; "MC30P6280.c"	if (led_sta_reflash_cnt >= (u8)(500 / 10)) {
                                           	MOVAI	0x32
                                           	RSUBAR	_led_sta_reflash_cnt
                                           	JBSET	STATUS,0
                                           	GOTO	_00410_DS_
                                           ;;genSkipc:3291: created from rifx:013B5EFC
                                           ;	.line	474; "MC30P6280.c"	led_sta_reflash_cnt = 0;
                                           	CLRR	_led_sta_reflash_cnt
                                           ;	.line	476; "MC30P6280.c"	if (flag_is_in_charging) {
                                           	JBSET	_flag1,0
                                           	GOTO	_00407_DS_
                                           ;	.line	480; "MC30P6280.c"	if (flag_is_charge_begin) {
                                           	JBSET	_flag1,1
                                           	GOTO	_00389_DS_
                                           ;;unsigned compare: left < lit(0x3=3), size=1
                                           ;	.line	481; "MC30P6280.c"	if (bat_lev < BAT_LEV_3V3) {
                                           	MOVAI	0x03
                                           	RSUBAR	_bat_lev
                                           	JBCLR	STATUS,0
                                           	GOTO	_00372_DS_
                                           ;;genSkipc:3291: created from rifx:013B5EFC
                                           ;	.line	486; "MC30P6280.c"	flag_is_charge_begin = 0;
                                           	BCLR	_flag1,1
                                           	GOTO	_00410_DS_
                                           ;;unsigned compare: left < lit(0x3=3), size=1
                                           _00372_DS_
                                           ;	.line	487; "MC30P6280.c"	} else if (bat_lev >= BAT_LEV_3V3 && charge_anim_phase == 0) {
                                           	MOVAI	0x03
                                           	RSUBAR	_bat_lev
                                           	JBSET	STATUS,0
                                           	GOTO	_00368_DS_
                                           ;;genSkipc:3291: created from rifx:013B5EFC
                                           	MOVAI	0x00
                                           	ORAR	_charge_anim_phase
                                           	JBSET	STATUS,2
                                           	GOTO	_00368_DS_
                                           ;	.line	492; "MC30P6280.c"	flag_led_1_on = 1;
                                           	BSET	_flag1,2
                                           ;	.line	493; "MC30P6280.c"	charge_anim_phase = 1;
                                           	MOVAI	0x01
                                           	MOVRA	_charge_anim_phase
                                           	GOTO	_00410_DS_
                                           ;;unsigned compare: left < lit(0x4=4), size=1
                                           _00368_DS_
                                           ;	.line	494; "MC30P6280.c"	} else if (bat_lev >= BAT_LEV_3V6 && charge_anim_phase == 1) {
                                           	MOVAI	0x04
                                           	RSUBAR	_bat_lev
                                           	JBSET	STATUS,0
                                           	GOTO	_00364_DS_
                                           ;;genSkipc:3291: created from rifx:013B5EFC
                                           	MOVAR	_charge_anim_phase
                                           	XORAI	0x01
                                           	JBSET	STATUS,2
                                           	GOTO	_00364_DS_
                                           ;	.line	499; "MC30P6280.c"	flag_led_2_on = 1;
                                           	BSET	_flag1,3
                                           ;	.line	500; "MC30P6280.c"	charge_anim_phase = 2;
                                           	MOVAI	0x02
                                           	MOVRA	_charge_anim_phase
                                           	GOTO	_00410_DS_
                                           ;;unsigned compare: left < lit(0x5=5), size=1
                                           _00364_DS_
                                           ;	.line	501; "MC30P6280.c"	} else if (bat_lev >= BAT_LEV_4V0 && charge_anim_phase == 2) {
                                           	MOVAI	0x05
                                           	RSUBAR	_bat_lev
                                           	JBSET	STATUS,0
                                           	GOTO	_00360_DS_
                                           ;;genSkipc:3291: created from rifx:013B5EFC
                                           	MOVAR	_charge_anim_phase
                                           	XORAI	0x02
                                           	JBSET	STATUS,2
                                           	GOTO	_00360_DS_
                                           ;	.line	506; "MC30P6280.c"	flag_led_3_on = 1;
                                           	BSET	_flag1,4
                                           ;	.line	507; "MC30P6280.c"	charge_anim_phase = 3;
                                           	MOVAI	0x03
                                           	MOVRA	_charge_anim_phase
                                           	GOTO	_00410_DS_
                                           ;;unsigned compare: left < lit(0x6=6), size=1
                                           _00360_DS_
                                           ;	.line	508; "MC30P6280.c"	} else if (bat_lev >= BAT_LEV_4V2 && charge_anim_phase == 3) {
                                           	MOVAI	0x06
                                           	RSUBAR	_bat_lev
                                           	JBSET	STATUS,0
                                           	GOTO	_00356_DS_
                                           ;;genSkipc:3291: created from rifx:013B5EFC
                                           	MOVAR	_charge_anim_phase
                                           	XORAI	0x03
                                           	JBSET	STATUS,2
                                           	GOTO	_00356_DS_
                                           ;	.line	510; "MC30P6280.c"	flag_led_4_on = 1;
                                           	BSET	_flag1,5
                                           ;	.line	511; "MC30P6280.c"	charge_anim_phase = 4;
                                           	MOVAI	0x04
                                           	MOVRA	_charge_anim_phase
                                           	GOTO	_00410_DS_
                                           _00356_DS_
                                           ;	.line	513; "MC30P6280.c"	flag_is_charge_begin = 0; // 退出刚开始充电的动画
                                           	BCLR	_flag1,1
                                           ;	.line	518; "MC30P6280.c"	led_sta_reflash_cnt = (u8)(500 / 10);
                                           	MOVAI	0x32
                                           	MOVRA	_led_sta_reflash_cnt
                                           	GOTO	_00410_DS_
                                           _00389_DS_
                                           ;	.line	522; "MC30P6280.c"	switch (bat_lev) {
                                           	MOVAR	_bat_lev
                                           	MOVRA	r0x1022
                                           ;;swapping arguments (AOP_TYPEs 1/2)
                                           ;;unsigned compare: left >= lit(0x7=7), size=1
                                           	MOVAI	0x07
                                           	RSUBAR	r0x1022
                                           	JBCLR	STATUS,0
                                           	GOTO	_00381_DS_
                                           ;;genSkipc:3291: created from rifx:013B5EFC
                                           	MOVAI	HIGH(_00528_DS_)
                                           	MOVRA	PCLATH
                                           	MOVAI	_00528_DS_
                                           	ADDAR	r0x1022
                                           	JBCLR	STATUS,0
                                           	INCR	PCLATH
                                           	MOVRA	PCL
                                           _00528_DS_
                                           	GOTO	_00380_DS_
                                           	GOTO	_00380_DS_
                                           	GOTO	_00380_DS_
                                           	GOTO	_00377_DS_
                                           	GOTO	_00376_DS_
                                           	GOTO	_00375_DS_
                                           	GOTO	_00375_DS_
                                           _00375_DS_
                                           ;	.line	525; "MC30P6280.c"	flag_led_4_on = ~flag_led_4_on;
                                           	CLRR	r0x1022
                                           	JBCLR	_flag1,5
                                           	INCR	r0x1022
                                           	COMAR	r0x1022
                                           	MOVRA	r0x1022
                                           	RRAR	r0x1022
                                           	JBSET	STATUS,0
                                           	BCLR	_flag1,5
                                           	JBCLR	STATUS,0
                                           	BSET	_flag1,5
                                           ;	.line	526; "MC30P6280.c"	break;
                                           	GOTO	_00381_DS_
                                           _00376_DS_
                                           ;	.line	528; "MC30P6280.c"	flag_led_3_on = ~flag_led_3_on;
                                           	CLRR	r0x1022
                                           	JBCLR	_flag1,4
                                           	INCR	r0x1022
                                           	COMAR	r0x1022
                                           	MOVRA	r0x1022
                                           	RRAR	r0x1022
                                           	JBSET	STATUS,0
                                           	BCLR	_flag1,4
                                           	JBCLR	STATUS,0
                                           	BSET	_flag1,4
                                           ;	.line	529; "MC30P6280.c"	break;
                                           	GOTO	_00381_DS_
                                           _00377_DS_
                                           ;	.line	531; "MC30P6280.c"	flag_led_2_on = ~flag_led_2_on;
                                           	CLRR	r0x1022
                                           	JBCLR	_flag1,3
                                           	INCR	r0x1022
                                           	COMAR	r0x1022
                                           	MOVRA	r0x1022
                                           	RRAR	r0x1022
                                           	JBSET	STATUS,0
                                           	BCLR	_flag1,3
                                           	JBCLR	STATUS,0
                                           	BSET	_flag1,3
                                           ;	.line	532; "MC30P6280.c"	break;
                                           	GOTO	_00381_DS_
                                           _00380_DS_
                                           ;	.line	537; "MC30P6280.c"	flag_led_1_on = ~flag_led_1_on;
                                           	CLRR	r0x1022
                                           	JBCLR	_flag1,2
                                           	INCR	r0x1022
                                           	COMAR	r0x1022
                                           	MOVRA	r0x1022
                                           	RRAR	r0x1022
                                           	JBSET	STATUS,0
                                           	BCLR	_flag1,2
                                           	JBCLR	STATUS,0
                                           	BSET	_flag1,2
                                           ;;unsigned compare: left < lit(0x3=3), size=1
                                           _00381_DS_
                                           ;	.line	541; "MC30P6280.c"	if (bat_lev >= BAT_LEV_3V3) {
                                           	MOVAI	0x03
                                           	RSUBAR	_bat_lev
                                           	JBSET	STATUS,0
                                           	GOTO	_00383_DS_
                                           ;;genSkipc:3291: created from rifx:013B5EFC
                                           ;	.line	542; "MC30P6280.c"	flag_led_1_on = 1; // 指示灯常亮，不闪烁
                                           	BSET	_flag1,2
                                           ;;unsigned compare: left < lit(0x4=4), size=1
                                           _00383_DS_
                                           ;	.line	545; "MC30P6280.c"	if (bat_lev >= BAT_LEV_3V6) {
                                           	MOVAI	0x04
                                           	RSUBAR	_bat_lev
                                           	JBSET	STATUS,0
                                           	GOTO	_00385_DS_
                                           ;;genSkipc:3291: created from rifx:013B5EFC
                                           ;	.line	546; "MC30P6280.c"	flag_led_2_on = 1; // 指示灯常亮，不闪烁
                                           	BSET	_flag1,3
                                           ;;unsigned compare: left < lit(0x5=5), size=1
                                           _00385_DS_
                                           ;	.line	549; "MC30P6280.c"	if (bat_lev >= BAT_LEV_4V0) {
                                           	MOVAI	0x05
                                           	RSUBAR	_bat_lev
                                           	JBSET	STATUS,0
                                           	GOTO	_00410_DS_
                                           ;;genSkipc:3291: created from rifx:013B5EFC
                                           ;	.line	550; "MC30P6280.c"	flag_led_3_on = 1; // 指示灯常亮，不闪烁
                                           	BSET	_flag1,4
                                           	GOTO	_00410_DS_
                                           _00407_DS_
                                           ;	.line	578; "MC30P6280.c"	} else if (flag_is_dev_working) {
                                           	JBSET	_flag1,6
                                           	GOTO	_00404_DS_
                                           ;;unsigned compare: left < lit(0x5=5), size=1
                                           ;	.line	587; "MC30P6280.c"	if (bat_lev >= BAT_LEV_4V0) {
                                           	MOVAI	0x05
                                           	RSUBAR	_bat_lev
                                           	JBSET	STATUS,0
                                           	GOTO	_00401_DS_
                                           ;;genSkipc:3291: created from rifx:013B5EFC
                                           ;	.line	588; "MC30P6280.c"	flag_led_4_on = 1;
                                           	BSET	_flag1,5
                                           ;	.line	589; "MC30P6280.c"	flag_led_3_on = 1;
                                           	BSET	_flag1,4
                                           ;	.line	590; "MC30P6280.c"	flag_led_2_on = 1;
                                           	BSET	_flag1,3
                                           ;	.line	591; "MC30P6280.c"	flag_led_1_on = 1;
                                           	BSET	_flag1,2
                                           	GOTO	_00410_DS_
                                           ;;unsigned compare: left < lit(0x4=4), size=1
                                           _00401_DS_
                                           ;	.line	592; "MC30P6280.c"	} else if (bat_lev >= BAT_LEV_3V6) {
                                           	MOVAI	0x04
                                           	RSUBAR	_bat_lev
                                           	JBSET	STATUS,0
                                           	GOTO	_00398_DS_
                                           ;;genSkipc:3291: created from rifx:013B5EFC
                                           ;	.line	593; "MC30P6280.c"	flag_led_4_on = 0;
                                           	BCLR	_flag1,5
                                           ;	.line	594; "MC30P6280.c"	flag_led_3_on = 1;
                                           	BSET	_flag1,4
                                           ;	.line	595; "MC30P6280.c"	flag_led_2_on = 1;
                                           	BSET	_flag1,3
                                           ;	.line	596; "MC30P6280.c"	flag_led_1_on = 1;
                                           	BSET	_flag1,2
                                           	GOTO	_00410_DS_
                                           ;;unsigned compare: left < lit(0x3=3), size=1
                                           _00398_DS_
                                           ;	.line	597; "MC30P6280.c"	} else if (bat_lev >= BAT_LEV_3V3) {
                                           	MOVAI	0x03
                                           	RSUBAR	_bat_lev
                                           	JBSET	STATUS,0
                                           	GOTO	_00395_DS_
                                           ;;genSkipc:3291: created from rifx:013B5EFC
                                           ;	.line	598; "MC30P6280.c"	flag_led_4_on = 0;
                                           	BCLR	_flag1,5
                                           ;	.line	599; "MC30P6280.c"	flag_led_3_on = 0;
                                           	BCLR	_flag1,4
                                           ;	.line	600; "MC30P6280.c"	flag_led_2_on = 1;
                                           	BSET	_flag1,3
                                           ;	.line	601; "MC30P6280.c"	flag_led_1_on = 1;
                                           	BSET	_flag1,2
                                           	GOTO	_00410_DS_
                                           ;;unsigned compare: left < lit(0x2=2), size=1
                                           _00395_DS_
                                           ;	.line	602; "MC30P6280.c"	} else if (bat_lev >= BAT_LEV_3V2) {
                                           	MOVAI	0x02
                                           	RSUBAR	_bat_lev
                                           	JBSET	STATUS,0
                                           	GOTO	_00392_DS_
                                           ;;genSkipc:3291: created from rifx:013B5EFC
                                           ;	.line	603; "MC30P6280.c"	flag_led_4_on = 0;
                                           	BCLR	_flag1,5
                                           ;	.line	604; "MC30P6280.c"	flag_led_3_on = 0;
                                           	BCLR	_flag1,4
                                           ;	.line	605; "MC30P6280.c"	flag_led_2_on = 0;
                                           	BCLR	_flag1,3
                                           ;	.line	606; "MC30P6280.c"	flag_led_1_on = 1;
                                           	BSET	_flag1,2
                                           	GOTO	_00410_DS_
                                           _00392_DS_
                                           ;	.line	609; "MC30P6280.c"	flag_led_4_on = 0;
                                           	BCLR	_flag1,5
                                           ;	.line	610; "MC30P6280.c"	flag_led_3_on = 0;
                                           	BCLR	_flag1,4
                                           ;	.line	611; "MC30P6280.c"	flag_led_2_on = 0;
                                           	BCLR	_flag1,3
                                           ;	.line	613; "MC30P6280.c"	flag_led_1_on = ~flag_led_1_on;
                                           	CLRR	r0x1022
                                           	JBCLR	_flag1,2
                                           	INCR	r0x1022
                                           	COMAR	r0x1022
                                           	MOVRA	r0x1022
                                           	RRAR	r0x1022
                                           	JBSET	STATUS,0
                                           	BCLR	_flag1,2
                                           	JBCLR	STATUS,0
                                           	BSET	_flag1,2
                                           	GOTO	_00410_DS_
                                           _00404_DS_
                                           ;	.line	617; "MC30P6280.c"	flag_led_1_on = 0;
                                           	BCLR	_flag1,2
                                           ;	.line	618; "MC30P6280.c"	flag_led_2_on = 0;
                                           	BCLR	_flag1,3
                                           ;	.line	619; "MC30P6280.c"	flag_led_3_on = 0;
                                           	BCLR	_flag1,4
                                           ;	.line	620; "MC30P6280.c"	flag_led_4_on = 0;
                                           	BCLR	_flag1,5
                                           _00410_DS_
                                           ;	.line	624; "MC30P6280.c"	if (flag_is_in_charging && 0 == flag_is_charge_begin) {
                                           	JBSET	_flag1,0
                                           	GOTO	_00419_DS_
                                           	JBCLR	_flag1,1
                                           	GOTO	_00419_DS_
                                           ;;unsigned compare: left < lit(0x6=6), size=1
                                           ;	.line	626; "MC30P6280.c"	if (bat_lev >= BAT_LEV_4V2) {
                                           	MOVAI	0x06
                                           	RSUBAR	_bat_lev
                                           	JBSET	STATUS,0
                                           	GOTO	_00419_DS_
                                           ;;genSkipc:3291: created from rifx:013B5EFC
                                           ;;unsigned compare: left < lit(0x8CA0=36000), size=2
                                           ;	.line	627; "MC30P6280.c"	if (charge_fully_cnt < (u16)(((u32)6 * 60 * 1000) / 10)) {
                                           	MOVAI	0x8c
                                           	RSUBAR	(_charge_fully_cnt + 1)
                                           	JBSET	STATUS,2
                                           	GOTO	_00537_DS_
                                           	MOVAI	0xa0
                                           	RSUBAR	_charge_fully_cnt
                                           _00537_DS_
                                           	JBCLR	STATUS,0
                                           	GOTO	_00412_DS_
                                           ;;genSkipc:3291: created from rifx:013B5EFC
                                           ;	.line	630; "MC30P6280.c"	charge_fully_cnt++;
                                           	INCR	_charge_fully_cnt
                                           	JBCLR	STATUS,2
                                           	INCR	(_charge_fully_cnt + 1)
                                           	GOTO	_00419_DS_
                                           _00412_DS_
                                           ;	.line	632; "MC30P6280.c"	flag_led_4_on = 1;
                                           	BSET	_flag1,5
                                           _00419_DS_
                                           ;	.line	636; "MC30P6280.c"	}
                                           	RETURN	
                                           ; exit point of _led_status_handle
                                           
                                           ;***
                                           ;  pBlock Stats: dbName = C
                                           ;***
                                           ;entry:  _key_scan	;Function start
                                           ; 2 exit points
                                           ;has an exit
                                           ;functions called:
                                           ;   _led_all_off
                                           ;   _pen_pwr_on
                                           ;   _pen_pwr_off
                                           ;   _led_all_off
                                           ;   _pen_pwr_on
                                           ;   _pen_pwr_off
                                           ;1 compiler assigned register :
                                           ;   r0x1023
                                           ;; Starting pCode block
                                           _key_scan	;Function start
                                           ; 2 exit points
                                           ;	.line	354; "MC30P6280.c"	if (flag_is_in_charging) {
                                           	JBSET	_flag1,0
                                           	GOTO	_00263_DS_
                                           ;	.line	356; "MC30P6280.c"	last_key_id = 0;
                                           	CLRR	_last_key_id
                                           ;	.line	357; "MC30P6280.c"	press_cnt = 0;
                                           	CLRR	_press_cnt
                                           ;	.line	358; "MC30P6280.c"	filter_cnt = 0;
                                           	CLRR	_filter_cnt
                                           ;	.line	359; "MC30P6280.c"	filter_key_id = 0;
                                           	CLRR	_filter_key_id
                                           ;	.line	360; "MC30P6280.c"	click_delay_cnt = 0;
                                           	CLRR	_click_delay_cnt
                                           ;	.line	361; "MC30P6280.c"	click_cnt = 0;
                                           	CLRR	_click_cnt
                                           ;	.line	362; "MC30P6280.c"	cur_key_id = 0;
                                           	CLRR	_cur_key_id
                                           ;	.line	363; "MC30P6280.c"	return;
                                           	GOTO	_00294_DS_
                                           _00263_DS_
                                           ;	.line	366; "MC30P6280.c"	led_all_off();
                                           	CALL	_led_all_off
                                           ;	.line	369; "MC30P6280.c"	PUCON &= ~(0x01 << 0); // 上拉电阻 20K
                                           	BCLR	_PUCON,0
                                           ;	.line	370; "MC30P6280.c"	DDR1 |= 0x01 << 0;     // 输入模式
                                           	BSET	_DDR1,0
                                           ;	.line	377; "MC30P6280.c"	if (1 == KEY_SCAN_PIN) {
                                           	CLRR	r0x1023
                                           	JBCLR	_P1bits,0
                                           	INCR	r0x1023
                                           	MOVAR	r0x1023
                                           	XORAI	0x01
                                           	JBSET	STATUS,2
                                           	GOTO	_00265_DS_
                                           ;	.line	378; "MC30P6280.c"	cur_key_id = KEY_ID_NONE;
                                           	CLRR	_cur_key_id
                                           	GOTO	_00266_DS_
                                           _00265_DS_
                                           ;	.line	381; "MC30P6280.c"	cur_key_id = KEY_ID_VAILD;
                                           	MOVAI	0x01
                                           	MOVRA	_cur_key_id
                                           ;	.line	385; "MC30P6280.c"	pwr_off_cnt = 0;
                                           	CLRR	_pwr_off_cnt
                                           	CLRR	(_pwr_off_cnt + 1)
                                           	CLRR	(_pwr_off_cnt + 2)
                                           	CLRR	(_pwr_off_cnt + 3)
                                           ;	.line	386; "MC30P6280.c"	into_low_power_cnt = 0;
                                           	CLRR	_into_low_power_cnt
                                           _00266_DS_
                                           ;	.line	389; "MC30P6280.c"	if (cur_key_id != filter_key_id) {
                                           	MOVAR	_filter_key_id
                                           	XORAR	_cur_key_id
                                           	JBSET	STATUS,2
                                           	GOTO	_00348_DS_
                                           	GOTO	_00268_DS_
                                           _00348_DS_
                                           ;	.line	391; "MC30P6280.c"	filter_cnt = 0;
                                           	CLRR	_filter_cnt
                                           ;	.line	392; "MC30P6280.c"	filter_key_id = cur_key_id;
                                           	MOVAR	_cur_key_id
                                           	MOVRA	_filter_key_id
                                           ;	.line	393; "MC30P6280.c"	return;
                                           	GOTO	_00294_DS_
                                           ;;unsigned compare: left < lit(0x3=3), size=1
                                           _00268_DS_
                                           ;	.line	396; "MC30P6280.c"	if (filter_cnt < KEY_FILTER_TIMES) {
                                           	MOVAI	0x03
                                           	RSUBAR	_filter_cnt
                                           	JBCLR	STATUS,0
                                           	GOTO	_00270_DS_
                                           ;;genSkipc:3291: created from rifx:013B5EFC
                                           ;	.line	399; "MC30P6280.c"	filter_cnt++;
                                           	INCR	_filter_cnt
                                           ;	.line	400; "MC30P6280.c"	return;
                                           	GOTO	_00294_DS_
                                           _00270_DS_
                                           ;	.line	404; "MC30P6280.c"	if (last_key_id != cur_key_id) {
                                           	MOVAR	_cur_key_id
                                           	XORAR	_last_key_id
                                           	JBSET	STATUS,2
                                           	GOTO	_00350_DS_
                                           	GOTO	_00292_DS_
                                           _00350_DS_
                                           ;	.line	407; "MC30P6280.c"	if (cur_key_id == KEY_ID_NONE) {
                                           	MOVAI	0x00
                                           	ORAR	_cur_key_id
                                           	JBSET	STATUS,2
                                           	GOTO	_00272_DS_
                                           ;	.line	409; "MC30P6280.c"	click_delay_cnt = 0;
                                           	CLRR	_click_delay_cnt
                                           	GOTO	_00273_DS_
                                           _00272_DS_
                                           ;	.line	413; "MC30P6280.c"	press_cnt = 0; // 重置按键按下时间计数
                                           	CLRR	_press_cnt
                                           ;	.line	414; "MC30P6280.c"	click_cnt++;
                                           	INCR	_click_cnt
                                           _00273_DS_
                                           ;	.line	417; "MC30P6280.c"	if (click_cnt == 2) {
                                           	MOVAR	_click_cnt
                                           	XORAI	0x02
                                           	JBSET	STATUS,2
                                           	GOTO	_00293_DS_
                                           ;	.line	420; "MC30P6280.c"	flag_is_dev_working = ~flag_is_dev_working;
                                           	CLRR	r0x1023
                                           	JBCLR	_flag1,6
                                           	INCR	r0x1023
                                           	COMAR	r0x1023
                                           	MOVRA	r0x1023
                                           	RRAR	r0x1023
                                           	JBSET	STATUS,0
                                           	BCLR	_flag1,6
                                           	JBCLR	STATUS,0
                                           	BSET	_flag1,6
                                           ;	.line	422; "MC30P6280.c"	if (flag_is_dev_working) {
                                           	JBSET	_flag1,6
                                           	GOTO	_00275_DS_
                                           ;	.line	423; "MC30P6280.c"	pen_pwr_on();
                                           	CALL	_pen_pwr_on
                                           ;	.line	425; "MC30P6280.c"	led_sta_reflash_cnt = (u8)(500 / 10);
                                           	MOVAI	0x32
                                           	MOVRA	_led_sta_reflash_cnt
                                           	GOTO	_00276_DS_
                                           _00275_DS_
                                           ;	.line	428; "MC30P6280.c"	pen_pwr_off();
                                           	CALL	_pen_pwr_off
                                           ;	.line	429; "MC30P6280.c"	flag_led_1_on = 0;
                                           	BCLR	_flag1,2
                                           ;	.line	430; "MC30P6280.c"	flag_led_2_on = 0;
                                           	BCLR	_flag1,3
                                           ;	.line	431; "MC30P6280.c"	flag_led_3_on = 0;
                                           	BCLR	_flag1,4
                                           ;	.line	432; "MC30P6280.c"	flag_led_4_on = 0;
                                           	BCLR	_flag1,5
                                           _00276_DS_
                                           ;	.line	436; "MC30P6280.c"	click_cnt = 0;
                                           	CLRR	_click_cnt
                                           	GOTO	_00293_DS_
                                           _00292_DS_
                                           ;	.line	443; "MC30P6280.c"	if (cur_key_id == KEY_ID_NONE) { // 没有按键按下，说明松手
                                           	MOVAI	0x00
                                           	ORAR	_cur_key_id
                                           	JBSET	STATUS,2
                                           	GOTO	_00289_DS_
                                           ;	.line	444; "MC30P6280.c"	if (click_cnt > 0) {
                                           	MOVAI	0x00
                                           	ORAR	_click_cnt
                                           	JBCLR	STATUS,2
                                           	GOTO	_00293_DS_
                                           ;;unsigned compare: left < lit(0x1E=30), size=1
                                           ;	.line	445; "MC30P6280.c"	if (click_delay_cnt >= KEY_CLICK_DELAY_TIME) { 
                                           	MOVAI	0x1e
                                           	RSUBAR	_click_delay_cnt
                                           	JBSET	STATUS,0
                                           	GOTO	_00282_DS_
                                           ;;genSkipc:3291: created from rifx:013B5EFC
                                           ;	.line	447; "MC30P6280.c"	click_cnt = 0; // 清空连击的次数
                                           	CLRR	_click_cnt
                                           	GOTO	_00293_DS_
                                           ;;unsigned compare: left < lit(0xFF=255), size=1
                                           _00282_DS_
                                           ;	.line	449; "MC30P6280.c"	if (click_delay_cnt < 255) {
                                           	MOVAI	0xff
                                           	RSUBAR	_click_delay_cnt
                                           	JBCLR	STATUS,0
                                           	GOTO	_00293_DS_
                                           ;;genSkipc:3291: created from rifx:013B5EFC
                                           ;	.line	451; "MC30P6280.c"	click_delay_cnt++;
                                           	INCR	_click_delay_cnt
                                           	GOTO	_00293_DS_
                                           ;;unsigned compare: left < lit(0xFF=255), size=1
                                           _00289_DS_
                                           ;	.line	460; "MC30P6280.c"	if (press_cnt < 255) {
                                           	MOVAI	0xff
                                           	RSUBAR	_press_cnt
                                           	JBCLR	STATUS,0
                                           	GOTO	_00293_DS_
                                           ;;genSkipc:3291: created from rifx:013B5EFC
                                           ;	.line	461; "MC30P6280.c"	press_cnt++;
                                           	INCR	_press_cnt
                                           _00293_DS_
                                           ;	.line	466; "MC30P6280.c"	last_key_id = cur_key_id;
                                           	MOVAR	_cur_key_id
                                           	MOVRA	_last_key_id
                                           _00294_DS_
                                           ;	.line	467; "MC30P6280.c"	}
                                           	RETURN	
                                           ; exit point of _key_scan
                                           
                                           ;***
                                           ;  pBlock Stats: dbName = C
                                           ;***
                                           ;entry:  _led4_on	;Function start
                                           ; 2 exit points
                                           ;has an exit
                                           ;; Starting pCode block
                                           _led4_on	;Function start
                                           ; 2 exit points
                                           ;	.line	344; "MC30P6280.c"	P1 &= ~(0x01 << 0);   // P10 输出低电平
                                           	BCLR	_P1,0
                                           ;	.line	345; "MC30P6280.c"	DDR1 &= ~(0x01 << 0); // P10 输出模式
                                           	BCLR	_DDR1,0
                                           ;	.line	347; "MC30P6280.c"	P1 |= (0x01 << 2);    // P12 输出高电平
                                           	BSET	_P1,2
                                           ;	.line	348; "MC30P6280.c"	DDR1 &= ~(0x01 << 2); // P12 输出模式
                                           	BCLR	_DDR1,2
                                           ;	.line	349; "MC30P6280.c"	}
                                           	RETURN	
                                           ; exit point of _led4_on
                                           
                                           ;***
                                           ;  pBlock Stats: dbName = C
                                           ;***
                                           ;entry:  _led3_on	;Function start
                                           ; 2 exit points
                                           ;has an exit
                                           ;; Starting pCode block
                                           _led3_on	;Function start
                                           ; 2 exit points
                                           ;	.line	332; "MC30P6280.c"	P1 &= ~(0x01 << 2);   // P12 输出低电平
                                           	BCLR	_P1,2
                                           ;	.line	333; "MC30P6280.c"	DDR1 &= ~(0x01 << 2); // P12 输出模式
                                           	BCLR	_DDR1,2
                                           ;	.line	335; "MC30P6280.c"	P1 |= (0x01 << 0);    // P10 输出高电平
                                           	BSET	_P1,0
                                           ;	.line	336; "MC30P6280.c"	DDR1 &= ~(0x01 << 0); // P10 输出模式
                                           	BCLR	_DDR1,0
                                           ;	.line	337; "MC30P6280.c"	}
                                           	RETURN	
                                           ; exit point of _led3_on
                                           
                                           ;***
                                           ;  pBlock Stats: dbName = C
                                           ;***
                                           ;entry:  _led2_on	;Function start
                                           ; 2 exit points
                                           ;has an exit
                                           ;; Starting pCode block
                                           _led2_on	;Function start
                                           ; 2 exit points
                                           ;	.line	319; "MC30P6280.c"	P1 &= ~(0x01 << 1);   // P11 输出低电平
                                           	BCLR	_P1,1
                                           ;	.line	320; "MC30P6280.c"	DDR1 &= ~(0x01 << 1); // P11 输出模式
                                           	BCLR	_DDR1,1
                                           ;	.line	323; "MC30P6280.c"	P1 |= (0x01 << 0);    // P10 输出高电平
                                           	BSET	_P1,0
                                           ;	.line	324; "MC30P6280.c"	DDR1 &= ~(0x01 << 0); // P10 输出模式
                                           	BCLR	_DDR1,0
                                           ;	.line	325; "MC30P6280.c"	}
                                           	RETURN	
                                           ; exit point of _led2_on
                                           
                                           ;***
                                           ;  pBlock Stats: dbName = C
                                           ;***
                                           ;entry:  _led1_on	;Function start
                                           ; 2 exit points
                                           ;has an exit
                                           ;; Starting pCode block
                                           _led1_on	;Function start
                                           ; 2 exit points
                                           ;	.line	304; "MC30P6280.c"	P1 &= ~(0x01 << 0);
                                           	BCLR	_P1,0
                                           ;	.line	305; "MC30P6280.c"	DDR1 &= ~(0x01 << 0); // 输出模式
                                           	BCLR	_DDR1,0
                                           ;	.line	309; "MC30P6280.c"	P1 |= (0x01 << 1);    // P11 输出高电平
                                           	BSET	_P1,1
                                           ;	.line	310; "MC30P6280.c"	DDR1 &= ~(0x01 << 1); // P11 输出模式
                                           	BCLR	_DDR1,1
                                           ;	.line	311; "MC30P6280.c"	}
                                           	RETURN	
                                           ; exit point of _led1_on
                                           
                                           ;***
                                           ;  pBlock Stats: dbName = C
                                           ;***
                                           ;entry:  _led_all_off	;Function start
                                           ; 2 exit points
                                           ;has an exit
                                           ;; Starting pCode block
                                           _led_all_off	;Function start
                                           ; 2 exit points
                                           ;	.line	289; "MC30P6280.c"	PUCON |= (0x01 << 0 | 0x01 << 1 | 0x01 << 2);
                                           	MOVAI	0x07
                                           	ORRA	_PUCON
                                           ;	.line	294; "MC30P6280.c"	(0x01 << 2);  // P12
                                           	MOVAI	0x07
                                           	ORRA	_DDR1
                                           ;	.line	296; "MC30P6280.c"	}
                                           	RETURN	
                                           ; exit point of _led_all_off
                                           
                                           ;***
                                           ;  pBlock Stats: dbName = C
                                           ;***
                                           ;entry:  _pen_pwr_off	;Function start
                                           ; 2 exit points
                                           ;has an exit
                                           ;; Starting pCode block
                                           _pen_pwr_off	;Function start
                                           ; 2 exit points
                                           ;	.line	275; "MC30P6280.c"	PUCON |= (0x01 << 4); // 不使能上拉
                                           	BSET	_PUCON,4
                                           ;	.line	276; "MC30P6280.c"	PDCON |= (0x01 << 4); // 不使能下拉
                                           	BSET	_PDCON,4
                                           ;	.line	277; "MC30P6280.c"	DDR1 |= 0x01 << 4;    // P14 输入模式
                                           	BSET	_DDR1,4
                                           ;	.line	279; "MC30P6280.c"	}
                                           	RETURN	
                                           ; exit point of _pen_pwr_off
                                           
                                           ;***
                                           ;  pBlock Stats: dbName = C
                                           ;***
                                           ;entry:  _pen_pwr_on	;Function start
                                           ; 2 exit points
                                           ;has an exit
                                           ;; Starting pCode block
                                           _pen_pwr_on	;Function start
                                           ; 2 exit points
                                           ;	.line	266; "MC30P6280.c"	DDR1 &= ~(0x01 << 4); // 输出模式
                                           	BCLR	_DDR1,4
                                           ;	.line	267; "MC30P6280.c"	P14D = 0;             // 输出低电平
                                           	BCLR	_P1bits,4
                                           ;	.line	269; "MC30P6280.c"	}
                                           	RETURN	
                                           ; exit point of _pen_pwr_on
                                           
                                           ;***
                                           ;  pBlock Stats: dbName = C
                                           ;***
                                           ;entry:  _user_init	;Function start
                                           ; 2 exit points
                                           ;has an exit
                                           ;functions called:
                                           ;   _timer0_init
                                           ;   _timer1_init
                                           ;   _delay_ms
                                           ;   _timer0_init
                                           ;   _timer1_init
                                           ;   _delay_ms
                                           ;3 compiler assigned registers:
                                           ;   STK02
                                           ;   STK01
                                           ;   STK00
                                           ;; Starting pCode block
                                           _user_init	;Function start
                                           ; 2 exit points
                                           ;	.line	236; "MC30P6280.c"	PUCON &= ~(0x01 << 0); // 上拉电阻 20K
                                           	BCLR	_PUCON,0
                                           ;	.line	237; "MC30P6280.c"	DDR1 |= 0x01 << 0;     // 输入模式
                                           	BSET	_DDR1,0
                                           ;	.line	240; "MC30P6280.c"	DDR1 |= 0x01 << 4; // P14 输入模式
                                           	BSET	_DDR1,4
                                           ;	.line	243; "MC30P6280.c"	DDR1 |= 0x01 << 5; // 输入模式
                                           	BSET	_DDR1,5
                                           ;	.line	246; "MC30P6280.c"	DDR1 |= 0x01 << 3;
                                           	BSET	_DDR1,3
                                           ;	.line	248; "MC30P6280.c"	timer0_init();
                                           	CALL	_timer0_init
                                           ;	.line	249; "MC30P6280.c"	timer1_init();
                                           	CALL	_timer1_init
                                           ;	.line	259; "MC30P6280.c"	delay_ms(1); // 等待系统稳定
                                           	MOVAI	0x01
                                           	MOVRA	STK02
                                           	MOVAI	0x00
                                           	MOVRA	STK01
                                           	MOVAI	0x00
                                           	MOVRA	STK00
                                           	MOVAI	0x00
                                           	CALL	_delay_ms
                                           ;	.line	260; "MC30P6280.c"	}
                                           	RETURN	
                                           ; exit point of _user_init
                                           
                                           ;***
                                           ;  pBlock Stats: dbName = C
                                           ;***
                                           ;entry:  _delay_ms	;Function start
                                           ; 2 exit points
                                           ;has an exit
                                           ;11 compiler assigned registers:
                                           ;   r0x1019
                                           ;   STK00
                                           ;   r0x101A
                                           ;   STK01
                                           ;   r0x101B
                                           ;   STK02
                                           ;   r0x101C
                                           ;   r0x101D
                                           ;   r0x101E
                                           ;   r0x101F
                                           ;   r0x1020
                                           ;; Starting pCode block
                                           _delay_ms	;Function start
                                           ; 2 exit points
                                           ;	.line	220; "MC30P6280.c"	void delay_ms(u32 xms)
                                           	MOVRA	r0x1019
                                           	MOVAR	STK00
                                           	MOVRA	r0x101A
                                           	MOVAR	STK01
                                           	MOVRA	r0x101B
                                           	MOVAR	STK02
                                           	MOVRA	r0x101C
                                           _00222_DS_
                                           ;	.line	222; "MC30P6280.c"	while (xms) {
                                           	MOVAR	r0x101C
                                           	ORAR	r0x101B
                                           	ORAR	r0x101A
                                           	ORAR	r0x1019
                                           	JBCLR	STATUS,2
                                           	GOTO	_00225_DS_
                                           ;	.line	224; "MC30P6280.c"	while (i--) {
                                           	MOVAI	0x13
                                           	MOVRA	r0x101D
                                           	MOVAI	0x02
                                           	MOVRA	r0x101E
                                           _00219_DS_
                                           	MOVAR	r0x101D
                                           	MOVRA	r0x101F
                                           	MOVAR	r0x101E
                                           	MOVRA	r0x1020
                                           	MOVAI	0xff
                                           	ADDRA	r0x101D
                                           	JBSET	STATUS,0
                                           	DECR	r0x101E
                                           	MOVAR	r0x101F
                                           	ORAR	r0x1020
                                           	JBCLR	STATUS,2
                                           	GOTO	_00221_DS_
                                           ;	.line	225; "MC30P6280.c"	Nop();
                                           	nop	
                                           	GOTO	_00219_DS_
                                           _00221_DS_
                                           ;	.line	227; "MC30P6280.c"	xms--;
                                           	MOVAI	0xff
                                           	ADDRA	r0x101C
                                           	MOVAI	0xff
                                           	JBSET	STATUS,0
                                           	ADDRA	r0x101B
                                           	MOVAI	0xff
                                           	JBSET	STATUS,0
                                           	ADDRA	r0x101A
                                           	MOVAI	0xff
                                           	JBSET	STATUS,0
                                           	ADDRA	r0x1019
                                           	GOTO	_00222_DS_
                                           _00225_DS_
                                           ;	.line	229; "MC30P6280.c"	}
                                           	RETURN	
                                           ; exit point of _delay_ms
                                           
                                           ;***
                                           ;  pBlock Stats: dbName = C
                                           ;***
                                           ;entry:  _Sys_Init	;Function start
                                           ; 2 exit points
                                           ;has an exit
                                           ;functions called:
                                           ;   _C_RAM
                                           ;   _IO_Init
                                           ;   _C_RAM
                                           ;   _IO_Init
                                           ;; Starting pCode block
                                           _Sys_Init	;Function start
                                           ; 2 exit points
                                           ;	.line	212; "MC30P6280.c"	GIE = 0;
                                           	BCLR	_INTEbits,7
                                           ;	.line	213; "MC30P6280.c"	C_RAM();
                                           	CALL	_C_RAM
                                           ;	.line	214; "MC30P6280.c"	IO_Init();
                                           	CALL	_IO_Init
                                           ;	.line	215; "MC30P6280.c"	GIE = 1;
                                           	BSET	_INTEbits,7
                                           ;	.line	216; "MC30P6280.c"	}
                                           	RETURN	
                                           ; exit point of _Sys_Init
                                           
                                           ;***
                                           ;  pBlock Stats: dbName = C
                                           ;***
                                           ;entry:  _lvd_scan	;Function start
                                           ; 2 exit points
                                           ;has an exit
                                           ;1 compiler assigned register :
                                           ;   r0x1024
                                           ;; Starting pCode block
                                           _lvd_scan	;Function start
                                           ; 2 exit points
                                           ;	.line	94; "MC30P6280.c"	LVDEN = 1; // 使能 LVD
                                           	BSET	_MCRbits,0
                                           ;	.line	96; "MC30P6280.c"	switch (cur_lvd_state) {
                                           	MOVAR	_cur_lvd_state
                                           	MOVRA	r0x1024
                                           ;;swapping arguments (AOP_TYPEs 1/2)
                                           ;;unsigned compare: left >= lit(0xF=15), size=1
                                           	MOVAI	0x0f
                                           	RSUBAR	r0x1024
                                           	JBCLR	STATUS,0
                                           	GOTO	_00128_DS_
                                           ;;genSkipc:3291: created from rifx:013B5EFC
                                           	MOVAI	HIGH(_00201_DS_)
                                           	MOVRA	PCLATH
                                           	MOVAI	_00201_DS_
                                           	ADDAR	r0x1024
                                           	JBCLR	STATUS,0
                                           	INCR	PCLATH
                                           	MOVRA	PCL
                                           _00201_DS_
                                           	GOTO	_00114_DS_
                                           	GOTO	_00121_DS_
                                           	GOTO	_00115_DS_
                                           	GOTO	_00122_DS_
                                           	GOTO	_00116_DS_
                                           	GOTO	_00123_DS_
                                           	GOTO	_00117_DS_
                                           	GOTO	_00124_DS_
                                           	GOTO	_00118_DS_
                                           	GOTO	_00125_DS_
                                           	GOTO	_00119_DS_
                                           	GOTO	_00126_DS_
                                           	GOTO	_00120_DS_
                                           	GOTO	_00127_DS_
                                           	GOTO	_00114_DS_
                                           _00114_DS_
                                           ;	.line	100; "MC30P6280.c"	MCR &= ~MCR_LVD_CFG_ALL;
                                           	MOVAI	0xe1
                                           	ANDRA	_MCR
                                           ;	.line	101; "MC30P6280.c"	MCR |= MCR_LVD_CFG_4V2;
                                           	MOVAI	0x1e
                                           	ORRA	_MCR
                                           ;	.line	102; "MC30P6280.c"	cur_lvd_state = LVD_LEV_4V2_SWITCHING;
                                           	MOVAI	0x01
                                           	MOVRA	_cur_lvd_state
                                           ;	.line	103; "MC30P6280.c"	break;
                                           	GOTO	_00128_DS_
                                           _00115_DS_
                                           ;	.line	105; "MC30P6280.c"	MCR &= ~MCR_LVD_CFG_ALL;
                                           	MOVAI	0xe1
                                           	ANDRA	_MCR
                                           ;	.line	106; "MC30P6280.c"	MCR |= MCR_LVD_CFG_4V0;
                                           	MOVAI	0x1c
                                           	ORRA	_MCR
                                           ;	.line	107; "MC30P6280.c"	cur_lvd_state = LVD_LEV_4V0_SWITCHING;
                                           	MOVAI	0x03
                                           	MOVRA	_cur_lvd_state
                                           ;	.line	108; "MC30P6280.c"	break;
                                           	GOTO	_00128_DS_
                                           _00116_DS_
                                           ;	.line	110; "MC30P6280.c"	MCR &= ~MCR_LVD_CFG_ALL;
                                           	MOVAI	0xe1
                                           	ANDRA	_MCR
                                           ;	.line	111; "MC30P6280.c"	MCR |= MCR_LVD_CFG_3V6;
                                           	MOVAI	0x1a
                                           	ORRA	_MCR
                                           ;	.line	112; "MC30P6280.c"	cur_lvd_state = LVD_LEV_3V6_SWITCHING;
                                           	MOVAI	0x05
                                           	MOVRA	_cur_lvd_state
                                           ;	.line	113; "MC30P6280.c"	break;
                                           	GOTO	_00128_DS_
                                           _00117_DS_
                                           ;	.line	115; "MC30P6280.c"	MCR &= ~MCR_LVD_CFG_ALL;
                                           	MOVAI	0xe1
                                           	ANDRA	_MCR
                                           ;	.line	116; "MC30P6280.c"	MCR |= MCR_LVD_CFG_3V3;
                                           	MOVAI	0x18
                                           	ORRA	_MCR
                                           ;	.line	117; "MC30P6280.c"	cur_lvd_state = LVD_LEV_3V3_SWITCHING;
                                           	MOVAI	0x07
                                           	MOVRA	_cur_lvd_state
                                           ;	.line	118; "MC30P6280.c"	break;
                                           	GOTO	_00128_DS_
                                           _00118_DS_
                                           ;	.line	120; "MC30P6280.c"	MCR &= ~MCR_LVD_CFG_ALL;
                                           	MOVAI	0xe1
                                           	ANDRA	_MCR
                                           ;	.line	121; "MC30P6280.c"	MCR |= MCR_LVD_CFG_3V2;
                                           	MOVAI	0x16
                                           	ORRA	_MCR
                                           ;	.line	122; "MC30P6280.c"	cur_lvd_state = LVD_LEV_3V2_SWITCHING;
                                           	MOVAI	0x09
                                           	MOVRA	_cur_lvd_state
                                           ;	.line	123; "MC30P6280.c"	break;
                                           	GOTO	_00128_DS_
                                           _00119_DS_
                                           ;	.line	125; "MC30P6280.c"	MCR &= ~MCR_LVD_CFG_ALL;
                                           	MOVAI	0xe1
                                           	ANDRA	_MCR
                                           ;	.line	126; "MC30P6280.c"	MCR |= MCR_LVD_CFG_3V0;
                                           	MOVAI	0x14
                                           	ORRA	_MCR
                                           ;	.line	127; "MC30P6280.c"	cur_lvd_state = LVD_LEV_3V0_SWITCHING;
                                           	MOVAI	0x0b
                                           	MOVRA	_cur_lvd_state
                                           ;	.line	128; "MC30P6280.c"	break;
                                           	GOTO	_00128_DS_
                                           _00120_DS_
                                           ;	.line	130; "MC30P6280.c"	MCR &= ~MCR_LVD_CFG_ALL;
                                           	MOVAI	0xe1
                                           	ANDRA	_MCR
                                           ;	.line	131; "MC30P6280.c"	MCR |= MCR_LVD_CFG_2V9;
                                           	MOVAI	0x12
                                           	ORRA	_MCR
                                           ;	.line	132; "MC30P6280.c"	cur_lvd_state = LVD_LEV_2V9_SWITCHING;
                                           	MOVAI	0x0d
                                           	MOVRA	_cur_lvd_state
                                           ;	.line	133; "MC30P6280.c"	break;
                                           	GOTO	_00128_DS_
                                           _00121_DS_
                                           ;	.line	136; "MC30P6280.c"	cur_lvd_state = LVD_LEV_4V2;
                                           	MOVAI	0x02
                                           	MOVRA	_cur_lvd_state
                                           ;	.line	137; "MC30P6280.c"	cur_cmp_bat_lev = BAT_LEV_4V2;
                                           	MOVAI	0x06
                                           	MOVRA	_cur_cmp_bat_lev
                                           ;	.line	138; "MC30P6280.c"	break;
                                           	GOTO	_00128_DS_
                                           _00122_DS_
                                           ;	.line	140; "MC30P6280.c"	cur_lvd_state = LVD_LEV_4V0;
                                           	MOVAI	0x04
                                           	MOVRA	_cur_lvd_state
                                           ;	.line	141; "MC30P6280.c"	cur_cmp_bat_lev = BAT_LEV_4V0;
                                           	MOVAI	0x05
                                           	MOVRA	_cur_cmp_bat_lev
                                           ;	.line	142; "MC30P6280.c"	break;
                                           	GOTO	_00128_DS_
                                           _00123_DS_
                                           ;	.line	144; "MC30P6280.c"	cur_lvd_state = LVD_LEV_3V6;
                                           	MOVAI	0x06
                                           	MOVRA	_cur_lvd_state
                                           ;	.line	145; "MC30P6280.c"	cur_cmp_bat_lev = BAT_LEV_3V6;
                                           	MOVAI	0x04
                                           	MOVRA	_cur_cmp_bat_lev
                                           ;	.line	146; "MC30P6280.c"	break;
                                           	GOTO	_00128_DS_
                                           _00124_DS_
                                           ;	.line	148; "MC30P6280.c"	cur_lvd_state = LVD_LEV_3V3;
                                           	MOVAI	0x08
                                           	MOVRA	_cur_lvd_state
                                           ;	.line	149; "MC30P6280.c"	cur_cmp_bat_lev = BAT_LEV_3V3;
                                           	MOVAI	0x03
                                           	MOVRA	_cur_cmp_bat_lev
                                           ;	.line	150; "MC30P6280.c"	break;
                                           	GOTO	_00128_DS_
                                           _00125_DS_
                                           ;	.line	152; "MC30P6280.c"	cur_lvd_state = LVD_LEV_3V2;
                                           	MOVAI	0x0a
                                           	MOVRA	_cur_lvd_state
                                           ;	.line	153; "MC30P6280.c"	cur_cmp_bat_lev = BAT_LEV_3V2;
                                           	MOVAI	0x02
                                           	MOVRA	_cur_cmp_bat_lev
                                           ;	.line	154; "MC30P6280.c"	break;
                                           	GOTO	_00128_DS_
                                           _00126_DS_
                                           ;	.line	156; "MC30P6280.c"	cur_lvd_state = LVD_LEV_3V0;
                                           	MOVAI	0x0c
                                           	MOVRA	_cur_lvd_state
                                           ;	.line	157; "MC30P6280.c"	cur_cmp_bat_lev = BAT_LEV_3V0;
                                           	MOVAI	0x01
                                           	MOVRA	_cur_cmp_bat_lev
                                           ;	.line	158; "MC30P6280.c"	break;
                                           	GOTO	_00128_DS_
                                           _00127_DS_
                                           ;	.line	160; "MC30P6280.c"	cur_lvd_state = LVD_LEV_2V9;
                                           	MOVAI	0x0e
                                           	MOVRA	_cur_lvd_state
                                           ;	.line	161; "MC30P6280.c"	cur_cmp_bat_lev = BAT_LEV_2V9;
                                           	CLRR	_cur_cmp_bat_lev
                                           _00128_DS_
                                           ;	.line	165; "MC30P6280.c"	if (cur_lvd_state == LVD_LEV_4V2 || cur_lvd_state == LVD_LEV_4V0 ||
                                           	MOVAR	_cur_lvd_state
                                           	XORAI	0x02
                                           	JBSET	STATUS,2
                                           	GOTO	_00202_DS_
                                           	GOTO	_00142_DS_
                                           _00202_DS_
                                           	MOVAR	_cur_lvd_state
                                           	XORAI	0x04
                                           	JBSET	STATUS,2
                                           	GOTO	_00203_DS_
                                           	GOTO	_00142_DS_
                                           _00203_DS_
                                           ;	.line	166; "MC30P6280.c"	cur_lvd_state == LVD_LEV_3V6 || cur_lvd_state == LVD_LEV_3V3 ||
                                           	MOVAR	_cur_lvd_state
                                           	XORAI	0x06
                                           	JBSET	STATUS,2
                                           	GOTO	_00204_DS_
                                           	GOTO	_00142_DS_
                                           _00204_DS_
                                           	MOVAR	_cur_lvd_state
                                           	XORAI	0x08
                                           	JBSET	STATUS,2
                                           	GOTO	_00205_DS_
                                           	GOTO	_00142_DS_
                                           _00205_DS_
                                           ;	.line	167; "MC30P6280.c"	cur_lvd_state == LVD_LEV_3V2 || cur_lvd_state == LVD_LEV_3V0 ||
                                           	MOVAR	_cur_lvd_state
                                           	XORAI	0x0a
                                           	JBSET	STATUS,2
                                           	GOTO	_00206_DS_
                                           	GOTO	_00142_DS_
                                           _00206_DS_
                                           	MOVAR	_cur_lvd_state
                                           	XORAI	0x0c
                                           	JBSET	STATUS,2
                                           	GOTO	_00207_DS_
                                           	GOTO	_00142_DS_
                                           _00207_DS_
                                           ;	.line	168; "MC30P6280.c"	cur_lvd_state == LVD_LEV_2V9) {
                                           	MOVAR	_cur_lvd_state
                                           	XORAI	0x0e
                                           	JBSET	STATUS,2
                                           	GOTO	_00150_DS_
                                           _00142_DS_
                                           ;	.line	169; "MC30P6280.c"	if (LVDF) {
                                           	JBSET	_MCRbits,5
                                           	GOTO	_00140_DS_
                                           ;	.line	175; "MC30P6280.c"	if (tmp_bat_lev >= cur_cmp_bat_lev) {
                                           	MOVAR	_cur_cmp_bat_lev
                                           	RSUBAR	_tmp_bat_lev
                                           	JBSET	STATUS,0
                                           	GOTO	_00150_DS_
                                           ;;genSkipc:3291: created from rifx:013B5EFC
                                           ;	.line	177; "MC30P6280.c"	if (cur_cmp_bat_lev != BAT_LEV_2V9) {
                                           	MOVAI	0x00
                                           	ORAR	_cur_cmp_bat_lev
                                           	JBCLR	STATUS,2
                                           	GOTO	_00130_DS_
                                           ;	.line	178; "MC30P6280.c"	tmp_bat_lev -= 1;
                                           	MOVAR	_tmp_bat_lev
                                           	MOVRA	r0x1024
                                           	DECAR	r0x1024
                                           	MOVRA	_tmp_bat_lev
                                           	GOTO	_00150_DS_
                                           _00130_DS_
                                           ;	.line	180; "MC30P6280.c"	tmp_bat_lev = BAT_LEV_2V9;
                                           	CLRR	_tmp_bat_lev
                                           	GOTO	_00150_DS_
                                           _00140_DS_
                                           ;	.line	192; "MC30P6280.c"	if (tmp_bat_lev < cur_cmp_bat_lev) {
                                           	MOVAR	_cur_cmp_bat_lev
                                           	RSUBAR	_tmp_bat_lev
                                           	JBCLR	STATUS,0
                                           	GOTO	_00150_DS_
                                           ;;genSkipc:3291: created from rifx:013B5EFC
                                           ;	.line	194; "MC30P6280.c"	if (cur_cmp_bat_lev != BAT_LEV_4V2) {
                                           	MOVAR	_cur_cmp_bat_lev
                                           	XORAI	0x06
                                           	JBSET	STATUS,2
                                           	GOTO	_00210_DS_
                                           	GOTO	_00135_DS_
                                           _00210_DS_
                                           ;	.line	195; "MC30P6280.c"	tmp_bat_lev += 1;
                                           	MOVAR	_tmp_bat_lev
                                           	MOVRA	r0x1024
                                           	INCAR	r0x1024
                                           	MOVRA	_tmp_bat_lev
                                           	GOTO	_00150_DS_
                                           _00135_DS_
                                           ;	.line	197; "MC30P6280.c"	tmp_bat_lev = BAT_LEV_4V2;
                                           	MOVAI	0x06
                                           	MOVRA	_tmp_bat_lev
                                           _00150_DS_
                                           ;	.line	202; "MC30P6280.c"	}
                                           	RETURN	
                                           ; exit point of _lvd_scan
                                           
                                           ;***
                                           ;  pBlock Stats: dbName = C
                                           ;***
                                           ;entry:  _IO_Init	;Function start
                                           ; 2 exit points
                                           ;has an exit
                                           ;; Starting pCode block
                                           _IO_Init	;Function start
                                           ; 2 exit points
                                           ;	.line	81; "MC30P6280.c"	P1 = 0x00;    // 1:input 0:output
                                           	CLRR	_P1
                                           ;	.line	82; "MC30P6280.c"	DDR1 = 0x00;  // 1:input 0:output
                                           	CLRR	_DDR1
                                           ;	.line	83; "MC30P6280.c"	PUCON = 0xff; // 0:Effective 1:invalid
                                           	MOVAI	0xff
                                           	MOVRA	_PUCON
                                           ;	.line	84; "MC30P6280.c"	PDCON = 0xff; // 0:Effective 1:invalid
                                           	MOVAI	0xff
                                           	MOVRA	_PDCON
                                           ;	.line	85; "MC30P6280.c"	ODCON = 0x00; // 0:推挽输出  1:开漏输出
                                           	CLRR	_ODCON
                                           ;	.line	86; "MC30P6280.c"	}
                                           	RETURN	
                                           ; exit point of _IO_Init
                                           
                                           ;***
                                           ;  pBlock Stats: dbName = C
                                           ;***
                                           ;entry:  _C_RAM	;Function start
                                           ; 2 exit points
                                           ;has an exit
                                           ;; Starting pCode block
                                           _C_RAM	;Function start
                                           ; 2 exit points
                                           ;	.line	70; "MC30P6280.c"	__endasm;
                                           	;
                                           	movai	0x3F;
                                           	movra	FSR;
                                           	movai	47;
                                           	movra	0x3F;
                                           	decr	FSR;
                                           	clrr	INDF;
                                           	djzr	0x3F;
                                           	goto	$ - 3;
                                           	clrr	0x3F;
                                           	
                                           ;	.line	71; "MC30P6280.c"	}
                                           	RETURN	
                                           ; exit point of _C_RAM
                                           
                                           
                                           ;	code size estimation:
                                           ;	  853+    0 =   853 instructions ( 1706 byte)
                                           
                                           	end


MEMORY USAGE MAP ('X' = Used,  '-' = Unused)

0000 : XXXXXXXXXXXXXXXX XXXXXXXXXXXXXXXX XXXXXXXXXXXXXXXX XXXXXXXXXXXXXXXX
0040 : XXXXXXXXXXXXXXXX XXXXXXXXXXXXXXXX XXXXXXXXXXXXXXXX XXXXXXXXXXXXXXXX
0080 : XXXXXXXXXXXXXXXX XXXXXXXXXXXXXXXX XXXXXXXXXXXXXXXX XXXXXXXXXXXXXXXX
00C0 : XXXXXXXXXXXXXXXX XXXXXXXXXXXXXXXX XXXXXXXXXXXXXXXX XXXXXXXXXXXXXXXX
0100 : XXXXXXXXXXXXXXXX XXXXXXXXXXXXXXXX XXXXXXXXXXXXXXXX XXXXXXXXXXXXXXXX
0140 : XXXXXXXXXXXXXXXX XXXXXXXXXXXXXXXX XXXXXXXXXXXXXXXX XXXXXXXXXXXXXXXX
0180 : XXXXXXXXXXXXXXXX XXXXXXXXXXXXXXXX XXXXXXXXXXXXXXXX XXXXXXXXXXXXXXXX
01C0 : XXXXXXXXXXXXXXXX XXXXXXXXXXXXXXXX XXXXXXXXXXXXXXXX XXXXXXXXXXXXXXXX
0200 : XXXXXXXXXXXXXXXX XXXXXXXXXXXXXXXX XXXXXXXXXXXXXXXX XXXXXXXXXXXXXXXX
0240 : XXXXXXXXXXXXXXXX XXXXXXXXXXXXXXXX XXXXXXXXXXXXXXXX XXXXXXXXXXXXXXXX
0280 : XXXXXXXXXXXXXXXX XXXXXXXXXXXXXXXX XXXXXXXXXXXXXXXX XXXXXXXXXXXXXXXX
02C0 : XXXXXXXXXXXXXXXX XXXXXXXXXXXXXXXX XXXXXXXXXXXXXXXX XXXXXXXXXXXXXXXX
0300 : XXXXXXXXXXXXXXXX XXXXXXXXXXXXXXXX XXXXXXXXXXXXXXXX XXXXXXXXXXXXXXXX
0340 : XXXXXXXXXXXXXXXX XXXXXXXXXXXXXXXX XXXXXXXXXXXXXXXX XXXXXXXXXXXXXXXX
0380 : XXXXXXXXXXXXXXXX XXXXXXXXXXXXXXXX XXXXXXXXXXXXXXXX XXXXXXXXXXXXXXXX
03C0 : XXXXXXXXXXXXXXXX XXXXXXXXXXXXXXXX XXXXXXXXXXXXXXXX XXXXXXXXXXXXXXXX
0400 : XXXXXXXXXXXXXXXX XXXXXXXXXXXXXXXX XXXXXXXXXXXXXXXX XXXXXXXXXXXXXXXX
0440 : XXXXXXXXXXXXXXXX XXXXXXXXXXXXXXXX XXXXXXXXXXXXXXXX XXXXXXXXXXXXXXXX
0480 : XXXXXXXXXXXXXXXX XXXXXXXXXXXXXXXX XXXXXXXXXXXXXXXX XXXXXXXXXXXXXXXX
04C0 : XXXXXXXXXXXXXXXX XXXXXXXXXXXXXXXX XXXXXXXXXXXXXXXX XXXXXXXXXXXXXXXX
0500 : XXXXXXXXXXXXXXXX XXXXXXXXXXXXXXXX XXXXXXXXXXXXXXXX XXXXXXXXXXXXXXXX
0540 : XXXXXXXXXXXXXXXX XXXXXXXXXXXXXXXX XXXXXXXXXXXXXXXX XXXXXXXXXXXXXXXX
0580 : XXXXXXXXXXXXXXXX XXXXXXXXXXXXXXXX XXXXXXXXXXXXXXXX XXXXXXXXXXXXXXXX
05C0 : XXXXXXXXXXXXXXXX XXXXXXXXXXXXXXXX XXXXXXXXXXXXXXXX XXXXXXXXXXXXXXXX
0600 : XXXXXXXXXXXXXXXX XXXXXXXXXXXXXXXX XXXXXXXXXXXXXXXX XXXXXXXXXXXXXXXX
0640 : XXXXXXXXXXXXXXXX XXXXXXXXXXXXXXXX XXXXXXXXXXXXXXXX XXXXXXXXXXXXXXXX
0680 : XXXXXXXXXXXXXXXX XXXXXXXXXXXXXXXX XXXXXXXXXXXXXXXX XXXXXXXXXXXXXXXX
06C0 : XXXXXXXXXXXXXXXX XXXXXXXXXXXXXXXX XXXXXXXXXXXXXXXX XXXXXXXXXXXXXXXX
0700 : XXXXXXXXXXXXXXXX XXXXXXXXXXXXXXXX XXXXXXXXXXXXXXXX XXXXXXXXXXXXXXXX
0740 : XXXXXXXXXXXXXXXX XXXXXXXXXXXXXXXX XXXXXXXXXXXXXXXX XXXXXXXXXXXXXXXX
0780 : XXXXXXXXXXXXXXXX XXXXXXXXXXXXXXXX XXXXXXXXXXXXXXXX XXXXXXXXXXXXXXXX
07C0 : XXXXXXXXXXXXXXXX XXXXXXXXXX------ ---------------- ----------------

All other memory blocks unused.

Program Memory Words Used:  1005

